<?xml version="1.0" encoding="UTF-8"?>
<kml xmlns="http://www.opengis.net/kml/2.2" xmlns:gx="http://www.google.com/kml/ext/2.2" xmlns:kml="http://www.opengis.net/kml/2.2" xmlns:atom="http://www.w3.org/2005/Atom">
<Document>
	<name>TSJ DP BASIN.kml</name>
	<Schema name="CWCSUBBASIN" id="CWCSUBBASIN">
		<SimpleField type="int" name="OBJECTID"></SimpleField>
		<SimpleField type="string" name="Basin_Code"></SimpleField>
		<SimpleField type="string" name="BA_NAME"></SimpleField>
		<SimpleField type="string" name="Sub_Basin"></SimpleField>
		<SimpleField type="double" name="st_area_shape_"></SimpleField>
		<SimpleField type="double" name="st_length_shape_"></SimpleField>
	</Schema>
	<StyleMap id="m_ylw-pushpin">
		<Pair>
			<key>normal</key>
			<styleUrl>#s_ylw-pushpin</styleUrl>
		</Pair>
		<Pair>
			<key>highlight</key>
			<styleUrl>#s_ylw-pushpin_hl</styleUrl>
		</Pair>
	</StyleMap>
	<Style id="s_ylw-pushpin">
		<IconStyle>
			<scale>1.1</scale>
			<Icon>
				<href>http://maps.google.com/mapfiles/kml/pushpin/ylw-pushpin.png</href>
			</Icon>
			<hotSpot x="20" y="2" xunits="pixels" yunits="pixels"/>
		</IconStyle>
		<LineStyle>
			<width>2</width>
		</LineStyle>
		<PolyStyle>
			<color>ffff0000</color>
			<fill>0</fill>
		</PolyStyle>
	</Style>
	<Style id="s_ylw-pushpin_hl">
		<IconStyle>
			<scale>1.3</scale>
			<Icon>
				<href>http://maps.google.com/mapfiles/kml/pushpin/ylw-pushpin.png</href>
			</Icon>
			<hotSpot x="20" y="2" xunits="pixels" yunits="pixels"/>
		</IconStyle>
		<LineStyle>
			<width>2</width>
		</LineStyle>
		<PolyStyle>
			<color>ffff0000</color>
			<fill>0</fill>
		</PolyStyle>
	</Style>
	<Placemark id="CWCSUBBASIN.75">
		<name>CWCSUBBASIN.75</name>
		<styleUrl>#m_ylw-pushpin</styleUrl>
		<ExtendedData>
			<SchemaData schemaUrl="#CWCSUBBASIN">
				<SimpleData name="OBJECTID">75</SimpleData>
				<SimpleData name="Basin_Code">06</SimpleData>
				<SimpleData name="BA_NAME">Subernarekha Basin</SimpleData>
				<SimpleData name="Sub_Basin">Subernarekha</SimpleData>
				<SimpleData name="st_area_shape_">25792162090.18120575</SimpleData>
				<SimpleData name="st_length_shape_">1206151.57442734</SimpleData>
			</SchemaData>
		</ExtendedData>
		<MultiGeometry>
			<Polygon>
				<outerBoundaryIs>
					<LinearRing>
						<coordinates>
							85.85627841,23.54732957,0 85.85588912999999,23.54750638,0 85.85590094,23.5472083,0 85.85540199,23.54725456,0 85.85561049,23.54625265,0 85.85597038,23.54452324,0 85.85437204999999,23.54219959,0 85.85411211,23.54182166,0 85.85327285,23.5406015,0 85.85316019,23.5404377,0 85.85254097000001,23.53953743,0 85.85248821,23.53817125,0 85.85246849000001,23.5376606,0 85.85252251,23.53734983,0 85.85291831000001,23.53507263,0 85.85324,23.53322179,0 85.85362458,23.53100904,0 85.8536835,23.53067001,0 85.85266127,23.52937051,0 85.85248788,23.52915008,0 85.85171776999999,23.52817106,0 85.85123543,23.52755786,0 85.85077429,23.52697161,0 85.84998301,23.52596563,0 85.84983083,23.52577216,0 85.84935681,23.52516951,0 85.84905815,23.52478981,0 85.84889234000001,23.5246828,0 85.84843072,23.52438487,0 85.84614427,23.52290916,0 85.84603172,23.52283652,0 85.84564781,23.52258873,0 85.84521963,23.52212631,0 85.84441579,23.52125816,0 85.8442848,23.5211167,0 85.84348177,23.52024941,0 85.84335899,23.52011681,0 85.84335068,23.52012252,0 85.84280208,23.52049981,0 85.842488,23.5207158,0 85.84027651,23.52223662,0 85.83969678,23.52263529,0 85.83967018,23.52265358,0 85.83933039,23.52227281,0 85.83898301000001,23.52188352,0 85.83862271,23.52147975999999,0 85.83804644,23.52083396,0 85.83791504,23.52068671,0 85.83710988,23.5197844,0 85.83649972000001,23.51910061,0 85.83638191,23.51896858,0 85.83675123,23.51827089,0 85.83701909,23.51776486,0 85.83719429999999,23.51743385,0 85.83783882,23.51621622,0 85.83808043000001,23.51575977,0 85.83854835,23.51487575,0 85.83848498,23.51328399,0 85.83847274,23.5129767,0 85.83764917000001,23.51199763,0 85.83755767,23.51188884999999,0 85.83749962,23.51181984,0 85.83699866000001,23.51170061,0 85.834047,23.51099803,0 85.83402986999999,23.51099396,0 85.83192694,23.51049337,0 85.83176231,23.51045418,0 85.83131179999999,23.50949994,0 85.83091183000001,23.50865275,0 85.83032904,23.5074183,0 85.8297883,23.5062729,0 85.82903241,23.50557269,0 85.82880578,23.50545276,0 85.8284539,23.50526655,0 85.82730835,23.50466033,0 85.82646370000001,23.50421333,0 85.82574194999999,23.50428247,0 85.81763718000001,23.5050586,0 85.81688733999999,23.50513038,0 85.81614562,23.50520139,0 85.81588399,23.50533982,0 85.813844,23.50641925,0 85.81220519,23.50728636,0 85.80844281,23.50971628,0 85.80846707000001,23.51032829,0 85.80849953000001,23.51114715,0 85.80850226,23.51121586,0 85.80851592,23.51167223,0 85.80836803,23.51184276,0 85.80839729,23.51257134,0 85.80573278,23.51488138,0 85.8049097,23.51583046,0 85.8045745,23.51621697,0 85.80406992,23.51679879,0 85.80337367,23.51760159000001,0 85.80287883,23.51758193,0 85.80262928,23.51757201,0 85.80246162,23.51771736,0 85.80144113999999,23.51767701,0 85.79876838,23.51757128,0 85.79870033,23.51756859,0 85.79686473,23.51815003,0 85.79525953,23.51865847,0 85.79387093,23.51909828,0 85.79201795,23.51997413,0 85.79089512,23.52050484,0 85.79013150999999,23.52086575,0 85.79002411,23.52091651,0 85.78998205000001,23.5209364,0 85.78898574,23.52162188,0 85.78852994,23.52193548,0 85.78768567,23.52251634,0 85.78674949000001,23.52338256,0 85.78668073,23.52345683,0 85.7865845,23.52356079,0 85.7859876,23.5242056,0 85.78594124,23.52423553,0 85.78529549,23.52493095,0 85.78318272,23.52604961,0 85.78313885,23.52607283,0 85.78289863000001,23.52620002,0 85.7820488,23.52674873,0 85.78187529,23.52674185,0 85.78160667,23.52688408,0 85.77961387000001,23.52680539,0 85.77706718,23.52670479,0 85.77427788999999,23.52681494,0 85.77176679,23.52691406,0 85.77161047,23.52683252,0 85.77099355999999,23.52651071,0 85.77069996,23.52635755,0 85.77060861,23.5263099,0 85.76999855,23.52598762,0 85.76949020000001,23.52574742,0 85.76896891,23.5255011,0 85.76797281,23.52503042,0 85.76788313,23.52498804,0 85.76706436000001,23.52460114,0 85.76687431000001,23.52451134,0 85.76655691000001,23.52421804,0 85.76536751,23.52311897,0 85.76427806,23.52193973,0 85.76419242999999,23.52184705,0 85.76406108,23.52170488,0 85.76401177,23.5216515,0 85.76367163,23.52166495,0 85.75807983,23.52255598,0 85.75746727000001,23.52265358,0 85.75720287,23.52283572,0 85.75705686000001,23.5229363,0 85.75633986,23.52343023,0 85.75579748,23.52380386,0 85.75547683000001,23.52402474,0 85.75453808,23.5246714,0 85.75414467,23.5249424,0 85.75348527,23.52471107,0 85.75192549,23.52416387,0 85.75137433,23.5239705,0 85.75102208,23.52384692,0 85.75000190999999,23.523489,0 85.7487478,23.52324931,0 85.74563304,23.52265397,0 85.74516306,23.52256413,0 85.74473609,23.52248252,0 85.74461290000001,23.52245897,0 85.74449348,23.52243614,0 85.74414702,23.52178227,0 85.74378557999999,23.52110011,0 85.74372099,23.52097822,0 85.74286841999999,23.51936913,0 85.74183326000001,23.51717392,0 85.74172895,23.51695273,0 85.74166679,23.51682091,0 85.74087767,23.51567524,0 85.74065567,23.51535292000001,0 85.73992737,23.51429552,0 85.73921013,23.51325417,0 85.73982957,23.51208303,0 85.74026099,23.51126735,0 85.74065027,23.51053136,0 85.74070354,23.51043064,0 85.74147094999999,23.50897968,0 85.74158860999999,23.5087572,0 85.74219972,23.50760174,0 85.74185914,23.50710687,0 85.74182690000001,23.50706002,0 85.74136398,23.50656038,0 85.73966725,23.50472903,0 85.73949639,23.50454461,0 85.73893304000001,23.50393655,0 85.73879530000001,23.50378788,0 85.73856282,23.50354149,0 85.73818822,23.50314446000001,0 85.73805854,23.50300703,0 85.73742487,23.50317315,0 85.7367756,23.50334336,0 85.73635344,23.50345403,0 85.73566443,23.50363465,0 85.73463124,23.50409817,0 85.73415076000001,23.50431373,0 85.73263622,23.50499317,0 85.7324246,23.5050881,0 85.73240729,23.50510679,0 85.73172105,23.5058476,0 85.73155849,23.50602308,0 85.730934,23.50669722,0 85.73070968,23.50693938,0 85.73015427,23.50753893,0 85.73002744999999,23.50765639999999,0 85.72937584,23.50835991,0 85.72930264,23.50839859,0 85.72912466,23.50849265,0 85.7290833,23.50853095,0 85.72900305,23.5085688,0 85.7287937,23.50866754999999,0 85.72749901,23.50935173,0 85.72591022,23.51010149,0 85.72587928,23.51016715,0 85.72554751,23.51087116,0 85.72515427,23.51170558999999,0 85.7239043,23.5135215,0 85.72388689,23.5135468,0 85.72342331,23.51422024,0 85.72342881,23.5143594,0 85.72349348,23.51599713,0 85.72350251,23.51622574,0 85.72350539999999,23.51632205,0 85.72334511,23.51628005,0 85.72336387999999,23.51674843,0 85.72133171,23.51610507,0 85.72125566,23.51608099,0 85.71772416,23.51496287,0 85.71662334,23.51461432,0 85.71592041,23.51439175,0 85.71452182,23.51394889,0 85.71438789,23.51390648,0 85.71399707,23.51316872,0 85.71390346,23.51311917,0 85.71380342,23.51280315,0 85.71352109,23.5122702,0 85.7133007,23.51185417,0 85.71311504000001,23.51126713,0 85.71250209999999,23.50932906,0 85.71191865999999,23.50904986,0 85.71149568,23.50884745,0 85.71080207999999,23.50852013,0 85.71027755999999,23.50740922,0 85.70992579,23.50666417,0 85.70929700000001,23.50533238,0 85.70897236,23.50464476,0 85.70895958,23.50461769,0 85.70821831000001,23.5042678,0 85.70736837,23.50386659999999,0 85.70493507,23.50271797,0 85.70379255,23.5014838,0 85.70349646,23.50116396,0 85.7028904,23.50050926,0 85.70193934,23.4997804,0 85.70169246,23.49959119,0 85.70101919,23.49907521,0 85.69916725,23.49765587,0 85.69847822,23.49725098,0 85.6982661,23.49712633,0 85.69716602,23.49647988,0 85.6964407,23.49605364,0 85.69585383,23.49570876,0 85.69496727000001,23.49518776,0 85.69460733,23.49479869,0 85.69418736,23.49434472,0 85.69416618,23.49432182,0 85.6937927,23.4941455,0 85.69319689,23.49386422,0 85.69225120999999,23.49341774,0 85.68999424,23.49098024,0 85.68928407,23.49021323,0 85.68926214,23.49018955,0 85.68919945,23.49012184,0 85.68815686000001,23.48963054,0 85.68777263,23.48944948,0 85.68651713,23.48885784,0 85.6850872,23.48818397,0 85.68482905,23.48709891,0 85.68444228,23.48547318,0 85.68441303,23.48535023,0 85.68416786,23.48431969,0 85.6834698,23.48386926,0 85.68345882,23.48386217,0 85.68226823000001,23.48309391,0 85.68162900999999,23.48268143,0 85.68106668,23.48231857,0 85.68071411,23.48209105,0 85.68012428,23.48171044,0 85.67995178,23.48071992,0 85.67970249,23.47928841,0 85.67924232999999,23.47664599,0 85.67913246000001,23.47601509,0 85.67913987999999,23.47582973,0 85.67917273,23.47500845,0 85.67918587,23.47467995,0 85.67858925,23.47092983,0 85.67821283000001,23.46856372,0 85.67774574000001,23.46768095,0 85.67738744,23.46700378,0 85.67732021,23.46687671,0 85.67724618,23.4667368,0 85.67646886,23.466326,0 85.67629967000001,23.46623659,0 85.67604866000001,23.46610393,0 85.67557334999999,23.46585274,0 85.67230945,23.46624292,0 85.66746712,23.46682167,0 85.6667176,23.46695213,0 85.66439142,23.467357,0 85.66318852000001,23.46756635,0 85.66260242,23.46766835,0 85.66246986,23.46769142,0 85.66228824,23.46730674,0 85.66158673,23.46582093,0 85.66137695,23.4653766,0 85.66130638,23.46522713,0 85.65937701999999,23.46590287,0 85.65868183000001,23.46614634,0 85.65437889,23.46765327,0 85.65335165,23.46735325,0 85.65324024,23.46737405,0 85.65253138999999,23.46750638,0 85.65207301,23.46701171,0 85.65203244999999,23.46696794,0 85.65177985,23.46689417,0 85.65163612000001,23.46685219,0 85.65159917,23.46681236,0 85.6510418,23.46621167,0 85.65066648,23.46580717,0 85.6506651,23.46580568,0 85.65055656,23.46568870999999,0 85.64889855,23.46603653,0 85.64742574,23.46634549,0 85.64537486,23.46677568,0 85.64446449,23.46696663,0 85.64093231,23.46682693,0 85.64004181999999,23.4667917,0 85.640028,23.46679115,0 85.63809775999999,23.46780968,0 85.63474649,23.46767702,0 85.63418537,23.4676548,0 85.6332798,23.46761894,0 85.63305892,23.46769638,0 85.63297075,23.46772728,0 85.63044441,23.46861288,0 85.63034378,23.46864816,0 85.62832831999999,23.46935463000001,0 85.62587929,23.46925545,0 85.62543452,23.46961764,0 85.62506500000001,23.46991856,0 85.62437977,23.47047656,0 85.6242063,23.47061782,0 85.62166786,23.47268486,0 85.61816397,23.47316559,0 85.61580085999999,23.47348976,0 85.61544873,23.473676,0 85.61461649,23.47411615,0 85.6145796,23.47413566,0 85.61329078999999,23.47481728,0 85.61284225999999,23.47500145,0 85.61196556,23.47536143,0 85.6112361,23.47566094,0 85.61073131000001,23.47589909,0 85.61022115999999,23.47613977,0 85.60891485000001,23.47675605,0 85.60859941,23.47674359,0 85.60845525000001,23.47680278,0 85.60825539,23.47688484,0 85.60728281,23.47684584,0 85.60547746,23.47677344,0 85.60469372999999,23.47693742,0 85.60129132,23.47788584,0 85.59913444,23.47848701,0 85.59877344,23.47867848,0 85.59853087,23.47880714,0 85.59790427999999,23.47913946,0 85.59750175000001,23.47935295,0 85.59595099000001,23.47972177,0 85.59438924,23.48009319,0 85.59415674,23.48014848,0 85.59371650999999,23.48062371,0 85.59353163999999,23.48082326,0 85.59293014000001,23.48147256,0 85.59276250000001,23.48165351,0 85.59273137,23.4816682,0 85.59268131,23.48172227,0 85.5926075,23.48180199,0 85.59145762,23.48234654000001,0 85.59094063000001,23.48259137,0 85.59080315,23.48265648,0 85.58971625,23.48323035,0 85.58920171,23.48350202,0 85.58804735,23.48411149,0 85.58766746000001,23.48431206,0 85.58745881,23.48432057,0 85.58729671,23.48432717,0 85.58708539,23.48442686,0 85.58687302,23.48452705,0 85.58661466,23.48443646,0 85.58640647999999,23.48436347,0 85.58588982000001,23.48438454,0 85.58568028000001,23.48431115,0 85.58538803,23.4842088,0 85.58387497,23.4836789,0 85.58333014999999,23.48348808,0 85.5829787,23.48351093,0 85.57499946,23.48402952,0 85.57056652,23.48431744,0 85.56935692,23.48439598,0 85.56790019,23.48433701,0 85.56747246,23.48431969,0 85.56701837999999,23.48450618,0 85.56602019,23.48491612,0 85.56527101,23.4852238,0 85.56382891,23.48581603,0 85.5633297,23.48602104,0 85.56088092,23.48592344,0 85.55779714000001,23.48580046,0 85.5559153,23.4862285,0 85.55202443,23.48731389,0 85.55026721999999,23.48780404,0 85.54966666999999,23.48797155,0 85.54857973,23.48827472,0 85.54796537,23.48859977,0 85.5476413,23.48877123,0 85.54745061,23.48887212,0 85.54737265,23.48891336,0 85.54683532,23.48919765,0 85.54677289999999,23.48925542,0 85.54625407,23.48973562,0 85.54591761,23.49004702,0 85.54586866,23.49009232,0 85.5452458,23.49141231,0 85.54510000000001,23.49172129999999,0 85.54432094000001,23.49337226,0 85.54416903000001,23.4935129,0 85.54397762000001,23.49391847,0 85.54385567,23.49417686,0 85.54329242999999,23.49432448,0 85.54313603999999,23.49446927,0 85.54255469,23.49458023,0 85.54167841,23.49474748,0 85.54134854,23.49483394,0 85.54079348,23.49497942,0 85.53771688,23.49578573,0 85.53714561,23.49593544,0 85.53550224999999,23.49600041,0 85.53501265,23.49601976,0 85.5345312,23.49611166,0 85.53324428000001,23.49635729,0 85.53314173,23.49614001,0 85.53312028000001,23.49609457,0 85.53305311,23.49609723,0 85.53289986,23.49610329,0 85.53185576,23.49388799,0 85.53169363000001,23.49354397,0 85.53149458,23.49312162,0 85.53142738,23.49297905,0 85.52732657999999,23.49441338,0 85.52565147999999,23.49434653,0 85.52178383,23.49419212,0 85.52121219999999,23.49449469,0 85.5207079,23.49476161,0 85.51947309000001,23.49541517,0 85.51904499,23.49564175,0 85.51860352,23.49587541,0 85.51833153,23.49601936,0 85.51454105000001,23.49662451,0 85.51330892,23.4968212,0 85.51317023999999,23.49684334,0 85.51184913,23.49754174,0 85.51156756,23.49769059,0 85.50970649999999,23.49867439,0 85.50339317,23.49842262,0 85.50301899999999,23.49868026,0 85.50272667999999,23.49888153,0 85.50083351000001,23.50018501,0 85.50034340000001,23.50041671,0 85.49925686,23.50093035,0 85.49846568,23.50130436,0 85.49768639,23.50167275,0 85.49751497,23.50179071000001,0 85.49695086,23.50217893,0 85.49665098,23.5023853,0 85.49484825,23.50362587,0 85.49380042,23.50393235,0 85.49228927999999,23.50437433,0 85.49060355,23.50486736,0 85.48965432999999,23.50514496,0 85.48833973000001,23.50552942,0 85.48748682,23.50579941,0 85.48702067000001,23.50594697,0 85.48605352,23.50625312,0 85.48551161,23.50635656,0 85.48436165,23.50669289,0 85.48411135000001,23.5067407,0 85.48173819,23.50719399,0 85.47353726999999,23.50876012,0 85.47353554,23.50876045,0 85.47204302,23.50923342,0 85.47061886,23.50968472,0 85.46941054,23.5100676,0 85.46781731,23.51057243,0 85.46772488000001,23.51060838,0 85.46765601,23.51063517,0 85.46540280000001,23.51151152,0 85.46503133,23.51165599,0 85.46308068,23.51241463,0 85.46255583,23.51261875,0 85.46242590999999,23.51283684,0 85.46241418,23.51285654,0 85.46182795999999,23.51384062,0 85.46167041,23.51410511,0 85.46164016,23.51415588,0 85.46161097,23.51490189,0 85.46153604,23.51681669,0 85.46171271,23.51732094,0 85.46175449,23.51744019,0 85.46258564999999,23.51981248,0 85.46268438,23.52009427,0 85.46267702,23.52028033,0 85.46263069,23.5214509,0 85.46259757999999,23.52228752,0 85.46246221,23.52570787,0 85.46210799000001,23.52671855,0 85.46189363000001,23.52733016,0 85.46164261,23.52804636,0 85.46131395,23.52898406,0 85.46106048999999,23.52970721,0 85.46077764,23.53051419,0 85.46057073999999,23.53245886,0 85.46016212000001,23.53629946,0 85.45993331,23.53844991,0 85.45937383,23.54370777,0 85.45929581,23.54444095,0 85.45906296,23.5466291,0 85.45891285,23.54672601,0 85.45883751,23.54743385,0 85.45778958,23.54786446,0 85.45766303000001,23.54791646,0 85.45602895,23.5485879,0 85.45576749,23.54875671,0 85.45537822999999,23.54900802,0 85.45504941,23.54922031,0 85.45442299,23.54962474,0 85.45438523,23.54964912,0 85.45422058,23.54963197,0 85.45391773,23.54960042,0 85.45363620000001,23.54957109,0 85.45341835000001,23.54966061,0 85.45310019999999,23.54979134,0 85.45233131000001,23.54969941,0 85.44971957999999,23.54938715,0 85.44704938,23.54906784,0 85.44256794,23.54853184,0 85.4417675,23.54843607999999,0 85.44135151,23.54838632,0 85.44120216,23.54836845,0 85.44074992,23.54759931,0 85.4403082,23.54684804,0 85.43979222,23.54597047,0 85.43936370999999,23.54524166,0 85.43883452999999,23.54434162,0 85.43841924,23.54363527,0 85.43836159,23.54353721,0 85.43833351000001,23.54348946,0 85.43790370000001,23.54335326,0 85.4353852,23.54255516,0 85.43523979,23.54250908,0 85.43482083000001,23.54131432,0 85.43478073,23.54127102,0 85.43472804,23.5410497,0 85.43424901,23.53968364,0 85.43418472,23.5395003,0 85.43413353,23.53935432,0 85.43333244,23.53598976,0 85.43313865,23.53562309,0 85.43313259,23.53561164,0 85.43271324,23.53481821,0 85.43216676,23.53378423,0 85.43186246,23.53320846,0 85.43160057,23.53271294,0 85.43164575,23.53157614,0 85.43167839,23.53075497,0 85.43169594,23.53031349,0 85.43113885,23.52913414,0 85.43048692000001,23.527754,0 85.43024088999999,23.52752606,0 85.4301217,23.52741562,0 85.42952486999999,23.52686264,0 85.42934369,23.52673795,0 85.42828425,23.52600882,0 85.42821071,23.52595821,0 85.42736859999999,23.52537864,0 85.42707775,23.52517846,0 85.42645296000001,23.52474846,0 85.4259454,23.52439912000001,0 85.4259448,23.52439871,0 85.42578697,23.52429008,0 85.42392728,23.52436316,0 85.42384529,23.52436638,0 85.42376258,23.52421003,0 85.423475,23.52366643,0 85.42279705999999,23.52238493,0 85.42219761,23.52125177,0 85.42183158,23.52055983,0 85.42120171000001,23.51936912,0 85.42095030999999,23.51883603,0 85.42086258,23.51864999,0 85.41996602,23.51674874,0 85.41990471,23.51661873,0 85.41900912,23.51685387,0 85.41719892,23.51732913,0 85.41637028,23.51754668,0 85.41549066,23.5177776,0 85.41534233,23.51781654,0 85.41463404,23.51748597,0 85.4139417,23.51745836,0 85.41393304,23.51744494,0 85.41365895,23.51702048,0 85.41330146999999,23.51685143,0 85.41274868000001,23.5159964,0 85.41109942,23.51344535,0 85.41088685,23.51311654,0 85.40868512999999,23.51278653,0 85.40821973,23.51271677,0 85.40638444,23.51264354,0 85.40124145,23.51243819999999,0 85.40027795,23.51548082,0 85.40013311,23.51593818,0 85.40002824,23.51593403,0 85.39998055,23.51608467,0 85.39674084000001,23.51595744,0 85.39495946,23.51588745,0 85.39443983,23.51586703,0 85.39424283,23.51587481,0 85.39407971,23.51618336,0 85.39353096000001,23.51734685,0 85.39326502999999,23.51791067,0 85.39265426999999,23.51920559,0 85.39250242,23.51934623,0 85.39228249,23.51981163,0 85.39220297,23.51985373999999,0 85.39162245,23.52016122,0 85.39158155,23.52019909,0 85.39118861,23.52056302,0 85.39044431000001,23.52078521,0 85.38888550999999,23.52161084,0 85.38848686,23.52182198,0 85.38806655,23.52163973,0 85.38786894,23.52155405,0 85.38782722000001,23.5215665,0 85.38751698,23.52165912,0 85.38747035,23.52167304,0 85.38745933,23.52166115,0 85.38702386,23.52119125,0 85.38678118,23.5210824,0 85.38653374,23.52097511,0 85.38533529999999,23.51968213,0 85.38497083999999,23.51928892,0 85.38459969,23.51888847,0 85.38440568,23.51870874,0 85.38417704,23.51849691,0 85.38330268999999,23.51768684,0 85.38209836999999,23.51513809,0 85.38062309,23.51444168,0 85.38047929,23.5143738,0 85.37977868999999,23.51434569,0 85.37748528,23.51425362,0 85.37533237,23.51433998,0 85.3717814,23.51448235,0 85.37169569,23.51448579,0 85.37139702,23.51449776,0 85.37158535,23.50974255,0 85.37164334000001,23.50827834,0 85.37173271,23.5060215,0 85.37162542999999,23.50581898,0 85.37140592999999,23.50540465,0 85.37077253,23.50420899,0 85.3704415,23.5035841,0 85.37034609,23.503404,0 85.36996651,23.50268745,0 85.36947193,23.50163875,0 85.36916389,23.50098558,0 85.36849737999999,23.49957228,0 85.36802271000001,23.49856572,0 85.3676548,23.49778557,0 85.36662276,23.49723934,0 85.36641084,23.49712718,0 85.36615431,23.49699141,0 85.36480482,23.49627715,0 85.3647015,23.49622245999999,0 85.36433220000001,23.49602699,0 85.36390469,23.49600989,0 85.36290169,23.49596977,0 85.36212612,23.49600014,0 85.36173622,23.49601540999999,0 85.36163521,23.49601936,0 85.36121926,23.49556975,0 85.36083412000001,23.49515343,0 85.36038135,23.4947342,0 85.35918617,23.49362755,0 85.35808985,23.49130472,0 85.35802022999999,23.49124025,0 85.35787224000001,23.49110321,0 85.35779807999999,23.49103453,0 85.35747533,23.49102171,0 85.35383797,23.49087715,0 85.35303107,23.49104592,0 85.34784107999999,23.49213135999999,0 85.34774590000001,23.49215126,0 85.34637539000001,23.49067348,0 85.34624261,23.49053029,0 85.34475306,23.49213772,0 85.3446259,23.49225555,0 85.34459877,23.49228477,0 85.34299066,23.49377574,0 85.34105542,23.495856,0 85.34091377,23.49600029,0 85.33975315000001,23.49627697,0 85.33726747999999,23.49686948,0 85.33634101,23.49709031,0 85.33622011,23.49722046,0 85.33553406,23.49795903,0 85.33385837,23.49976294,0 85.33383116,23.49979224,0 85.33359514,23.50004630999999,0 85.33345222,23.50019264,0 85.33201419,23.50064733,0 85.33120939,23.5009018,0 85.32909882,23.50156909,0 85.32769847,23.50201182,0 85.3259716,23.50255775,0 85.32511997,23.50334787,0 85.32510834999999,23.50335864,0 85.3250875,23.50338708,0 85.32388179,23.50503101,0 85.32340336,23.50568332,0 85.32208949,23.50747464,0 85.32203554,23.50748748000001,0 85.32198448,23.5075571,0 85.32193565,23.50762367,0 85.32170680999999,23.50767818,0 85.31835466,23.50847665,0 85.31833442999999,23.50850425,0 85.31819197,23.50869859,0 85.3159876,23.5117056,0 85.31589936,23.51176253,0 85.31583214,23.51185417,0 85.31330299,23.51348686,0 85.31313124,23.51360525999999,0 85.31305974,23.51365455,0 85.31083488,23.51518822,0 85.30929688000001,23.51591077,0 85.3093312,23.51607474,0 85.30935667999999,23.51619648,0 85.30952708,23.51701054,0 85.30966762,23.51768191,0 85.31017055,23.5200845,0 85.31013863,23.52011408,0 85.31001497,23.52022867,0 85.31002426000001,23.52027318,0 85.31015968,23.52092171,0 85.30872350999999,23.52142537,0 85.30847586,23.52165485,0 85.30825160000001,23.52186266,0 85.30790854,23.52184903,0 85.30755548,23.521835,0 85.30715752,23.52197456,0 85.30361258000001,23.5218328,0 85.30094047,23.52172589,0 85.30077867999999,23.52171941,0 85.29946303,23.52206418999999,0 85.29869786,23.52230652,0 85.29830153,23.52243204,0 85.29579024,23.52322735,0 85.29481937,23.5235348,0 85.29479075,23.5235657,0 85.29461489000001,23.52375549,0 85.29429648,23.52409912,0 85.29393896000001,23.52448495,0 85.29351146,23.52494631,0 85.29321342999999,23.52526794,0 85.29308717000001,23.52540419,0 85.29289008000001,23.52561689,0 85.29261043,23.52641437,0 85.29261846,23.52661721,0 85.29265088,23.52743607,0 85.29266937,23.52790312,0 85.29278447999999,23.53081041,0 85.29272924999999,23.53083647,0 85.29262756,23.53088446,0 85.29265329,23.53153587,0 85.29266167,23.53174782,0 85.29068107000001,23.5318277,0 85.29060941,23.53183059,0 85.28997231,23.53185463000001,0 85.28979090999999,23.53180702,0 85.28921208,23.53165508,0 85.28709413999999,23.53109912,0 85.28645235,23.53093065,0 85.28600502,23.53081322,0 85.27853077,23.53111204,0 85.27846718000001,23.53111458,0 85.27746773,23.53018761,0 85.27726583,23.52996937,0 85.27666664,23.52932167,0 85.27613253,23.52882756,0 85.27580071,23.52852058,0 85.27541131,23.52810057,0 85.27461356000001,23.52724008,0 85.27448128,23.52709739,0 85.27390508000001,23.52647587,0 85.27387696,23.52644554,0 85.27377186,23.52633216,0 85.27365992,23.52645303,0 85.27356978,23.52655037,0 85.27287545999999,23.52730009,0 85.27271786,23.52747026,0 85.27265427,23.52753893,0 85.27253099000001,23.5276531,0 85.27207244,23.52814779,0 85.27187538,23.52836037,0 85.27162303999999,23.52849401,0 85.27116684000001,23.52891652,0 85.27082484,23.52923326,0 85.27057151,23.5292232,0 85.27026884999999,23.52921118,0 85.26952848000001,23.52960329,0 85.2694912,23.52962303,0 85.26899322,23.52916052,0 85.26832484000001,23.52913398,0 85.26833182,23.52895802999999,0 85.26834756,23.52856084,0 85.26831445000001,23.52853009,0 85.26820564000001,23.52842903,0 85.26825725,23.52712016,0 85.2683086,23.52581774,0 85.26851246,23.52064736,0 85.26848961,23.52007169000001,0 85.26846825,23.51953344,0 85.26792571,23.51894766,0 85.26749992000001,23.51848793,0 85.26747695,23.51846667,0 85.26576805000001,23.51688576,0 85.26511858000001,23.51550777,0 85.26424686,23.51365822,0 85.26414570999999,23.51344358,0 85.26348632,23.51204449,0 85.2634182,23.51189995,0 85.2631852,23.5116838,0 85.26271865,23.51125097,0 85.26246834,23.51101875,0 85.26225998,23.51079407,0 85.26096595999999,23.50939862,0 85.26086235,23.50928688,0 85.25953358,23.50933953,0 85.25614357000001,23.5094738,0 85.25598008,23.50941653,0 85.25495751,23.50905833,0 85.25417621,23.50878463,0 85.25282615,23.50831169,0 85.2527094,23.50827079,0 85.25260259,23.50827502,0 85.25096360000001,23.50833991,0 85.2505153,23.50835765,0 85.24749236,23.50931380999999,0 85.24749118,23.50931507,0 85.24710127,23.50973123,0 85.24681124999999,23.51004078,0 85.24666786,23.51018715,0 85.24248772,23.51098445,0 85.24235016999999,23.51113157,0 85.24184468999999,23.51167218,0 85.24152974,23.51200903,0 85.24138773,23.51215176,0 85.24005769,23.51145732,0 85.23978163,23.51131318,0 85.23961577,23.51122541000001,0 85.23914920999999,23.51097852,0 85.2387794,23.51078282,0 85.23874513,23.51077922,0 85.23627707999999,23.51051996,0 85.23593568,23.51048409,0 85.23550296000001,23.51043863,0 85.23419795,23.51059124,0 85.23082017,23.51098617,0 85.23028134,23.51156759,0 85.22951775999999,23.5123915,0 85.2294292,23.51248707,0 85.22873293000001,23.51323834,0 85.22857705,23.51340653999999,0 85.22797979000001,23.51405097,0 85.22795408,23.51406311,0 85.22793316000001,23.51408569000001,0 85.22782707,23.51420021,0 85.22772182,23.51424978,0 85.22620354,23.51496485,0 85.22553169,23.51528126,0 85.22511846,23.51584487,0 85.22451902,23.51666241,0 85.22427551,23.51699452,0 85.22390234,23.51750347,0 85.22343256000001,23.51814417,0 85.22265427000001,23.51920559,0 85.22260113999999,23.51921823,0 85.22250175000001,23.51935387,0 85.21927356,23.52012161,0 85.21913338,23.52015495,0 85.21906872,23.52018925,0 85.21750068999999,23.52102089,0 85.21722988,23.52104447,0 85.2156808,23.52167304,0 85.21426631999999,23.52130249,0 85.21370961,23.52135096,0 85.21290016,23.52142143,0 85.21199102999999,23.52108769,0 85.21056724,23.520565,0 85.21020312,23.52043132,0 85.20921135,23.52006722,0 85.20640643,23.52029103,0 85.20419121,23.52046776,0 85.20392376,23.51948392,0 85.20335322,23.51738501,0 85.20288084000001,23.51564719,0 85.20251656000001,23.51430702,0 85.20232258999999,23.51414029,0 85.20191733999999,23.51379195,0 85.2016201,23.51353645,0 85.20043750000001,23.51216369,0 85.20008678000001,23.51175655999999,0 85.20005607,23.51172091,0 85.19955634999999,23.51114082,0 85.19937833,23.51106126,0 85.19916934,23.51096784,0 85.19759512,23.51026421,0 85.19626676999999,23.50967045,0 85.19571602000001,23.51026542,0 85.19555885,23.5104352,0 85.1951779,23.51084674,0 85.19501686,23.51103401,0 85.19335556999999,23.5115887,0 85.19270897,23.51180458,0 85.19203802,23.51132949,0 85.19187762,23.51121591,0 85.19112297,23.51068154,0 85.19077271,23.51043352,0 85.19020793,23.51003359,0 85.1896678,23.50965111,0 85.18937792,23.50944584000001,0 85.1892929,23.50938563,0 85.18918037,23.50930595,0 85.18827849,23.50890379000001,0 85.1882255,23.50888017,0 85.18748117,23.50854825,0 85.18745232000001,23.50853539,0 85.18639143999999,23.50730256,0 85.1862813,23.50717457,0 85.18608620000001,23.50694784,0 85.18534922000001,23.50733795,0 85.18477754,23.50764056,0 85.18473428,23.50766346,0 85.18375072000001,23.50821217,0 85.18303797,23.5086098,0 85.18218573,23.50908524,0 85.18216820000001,23.50909502,0 85.18168068,23.50936699,0 85.17961323,23.50999247,0 85.17912102,23.51014137,0 85.17866352999999,23.51039566,0 85.17780328000001,23.5108738,0 85.17779366000001,23.51087914,0 85.17751503,23.51103401,0 85.17516888999999,23.51149325,0 85.17426857,23.51166947,0 85.17357826,23.51180458,0 85.1734356,23.51102182,0 85.17336978,23.51066066,0 85.17333069,23.51044621,0 85.17268267999999,23.50689056,0 85.17254449000001,23.50613229,0 85.17219292,23.50420311,0 85.17194938999999,23.50286674,0 85.17207553,23.50281039,0 85.17206752,23.50276842,0 85.17430663,23.50171171,0 85.17419669,23.50033666,0 85.17406593,23.49870118,0 85.17404365,23.49842262,0 85.17461048,23.4979349,0 85.17469772,23.49785982,0 85.17531452,23.49732908,0 85.1759876,23.49670559,0 85.17601272,23.49667845999999,0 85.17632408,23.49631632,0 85.17645827,23.49616025,0 85.17673683,23.49583626,0 85.17669632,23.49533222000001,0 85.17636321000001,23.49118705,0 85.17619514,23.48909569,0 85.17602994000001,23.48879975,0 85.17602413,23.48878934,0 85.17557823,23.48799056,0 85.17495155,23.4868679,0 85.17418098,23.48513985,0 85.17409461,23.48498517,0 85.1735224,23.48396047,0 85.17313738,23.48327098,0 85.17310524,23.48321342,0 85.17312523,23.48296593,0 85.17330921999999,23.48068789,0 85.17355233000001,23.47767768,0 85.17360497,23.47702599,0 85.17356632000001,23.4769927,0 85.17310466000001,23.47659506,0 85.17010186,23.47400859,0 85.16944101999999,23.47343935,0 85.16918142,23.47321573,0 85.16856955999999,23.47268867,0 85.17040062,23.46975517,0 85.17043472,23.46974407,0 85.17047894,23.46972967,0 85.17051916,23.46966398,0 85.17055117,23.46960207,0 85.17071952000001,23.46939474,0 85.17251653,23.46881671,0 85.17244530000001,23.46532631,0 85.17330742,23.46266365,0 85.17360972,23.46237319,0 85.17361823,23.46234695,0 85.17363116999999,23.4623071,0 85.17500438,23.46098773,0 85.17580986,23.45932961,0 85.17595713,23.45933258,0 85.17613136999999,23.45897346,0 85.17956853,23.4590436,0 85.18013442,23.45905503,0 85.18081093000001,23.45766258,0 85.18165779,23.45601082,0 85.18292427,23.45211983,0 85.18318693000001,23.45194154,0 85.18324461,23.45176378,0 85.18618115,23.44977378,0 85.18753533,23.45118325,0 85.18866351,23.45235745,0 85.19100253000001,23.45230974,0 85.19113951,23.45230694,0 85.1933915,23.45235287,0 85.19448859000001,23.45222828,0 85.20113370999999,23.45147346,0 85.20427290000001,23.45153756,0 85.20593006,23.45157137,0 85.20729430999999,23.45090952,0 85.21105874,23.44908317,0 85.2119648,23.44814012000001,0 85.21592674999999,23.44822096,0 85.21749306,23.44517708,0 85.21745873,23.44350243,0 85.21778463,23.44334426,0 85.21778064,23.44314877,0 85.21935019,23.44238733,0 85.21749306,23.43696022,0 85.21903801000001,23.43198586,0 85.22082709999999,23.42851067,0 85.22164345,23.42599678,0 85.22188740999999,23.42587799,0 85.22194659,23.42569563,0 85.22196425,23.42564119,0 85.2238012,23.42474935,0 85.22749138,23.42017937,0 85.22830772,23.41766167,0 85.22861045000001,23.41737094,0 85.22863117,23.4173071,0 85.22966597,23.4163129,0 85.23080290999999,23.41522054,0 85.22999382,23.41099739,0 85.22846794,23.408041,0 85.22830772,23.40010262,0 85.22999382,23.39517784,0 85.23081017,23.39099693,0 85.23106078000001,23.39100115,0 85.23111731,23.39071156,0 85.23113106,23.39064112,0 85.2326417,23.39067091,0 85.23417091,23.38770103,0 85.23330498,23.38516808,0 85.23492241,23.38203239,0 85.23502541000001,23.37684441,0 85.23288536,23.37268639,0 85.23124885999999,23.36931801,0 85.22997475,23.36934471,0 85.2291584,23.36599541,0 85.22500801,23.36085319,0 85.22906685,23.35085106,0 85.22747993,23.34596062,0 85.22456932,23.34602165,0 85.22165108,23.34596062,0 85.21754265,23.34604454,0 85.21664238,23.3451786,0 85.21667671,23.34348106,0 85.21497536,23.34184456,0 85.21415901,23.33933067,0 85.21330833,23.33851051,0 85.21170616000001,23.33684349,0 85.20798683,23.33563805,0 85.20664406,23.33434486,0 85.20582770999999,23.33349419,0 85.20414162,23.33267784,0 85.20255469999999,23.33102608,0 85.20024681,23.32990837,0 85.19888878,23.32710075,0 85.19658089000001,23.32598305,0 85.19494438,23.32427788,0 85.19164085,23.32434654,0 85.19082451,23.32182883999999,0 85.18683815,23.32085609,0 85.18577766,23.31672096,0 85.18590736,23.31038094,0 85.18499184,23.30849647000001,0 85.18330956,23.30768013,0 85.18249321,23.30682945,0 85.17662239000001,23.30197334,0 85.1766758,23.29928017,0 85.17459415,23.29728134,0 85.17456627,23.29725456,0 85.17587090000001,23.29522514,0 85.17689323,23.2927227,0 85.17711426,23.29283179,0 85.17736072,23.29232378,0 85.17864785,23.29314043,0 85.18048338,23.29438467,0 85.1813848,23.29499525,0 85.18448118000001,23.29399045,0 85.18464806,23.29381676,0 85.18519783000001,23.29310417,0 85.18531598,23.29312158,0 85.18534624999999,23.29309008,0 85.18868611000001,23.29315822,0 85.18943052,23.2931731,0 85.19031452,23.29232378,0 85.19065095000001,23.2919736,0 85.19003868,23.29094887,0 85.18858528,23.28983116,0 85.18676949,23.28521156,0 85.18552971,23.27933311,0 85.18420601,23.2776165,0 85.18177223000001,23.27662086,0 85.17802238,23.27156639,0 85.17822549,23.27104963,0 85.17810900000001,23.2708925,0 85.17800819999999,23.27075655,0 85.17868566,23.26987885,0 85.17883619,23.26949587,0 85.17948723000001,23.26783943,0 85.17836952,23.26511574,0 85.17655754,23.26371574,0 85.17683601,23.26183891,0 85.17648124999999,23.25942802,0 85.17876278999999,23.25660385,0 85.17991662,23.25508325,0 85.17911339,23.25042152,0 85.17623329,23.24924278,0 85.17575644999999,23.2460041,0 85.17608833,23.24375343,0 85.17420387,23.24261665,0 85.16993141,23.24189186,0 85.16897774,23.23956108,0 85.16659737000001,23.2377224,0 85.16570091,23.23450279,0 85.16373253,23.23421288,0 85.16010857000001,23.23475075,0 85.15961647,23.23142052,0 85.16005135,23.22847176,0 85.15909766999999,23.22689247,0 85.15837288,23.22428322,0 85.15604209999999,23.22332954,0 85.15359687999999,23.22016335,0 85.14737129,23.21885109,0 85.14766121,23.21688652,0 85.14670372,23.21344948,0 85.14409827999999,23.21272469,0 85.14167213,23.21177101,0 85.13873482,23.21225548,0 85.13817289000001,23.21132883,0 85.13728905000001,23.20987129,0 85.1384716,23.20641899,0 85.13747214999999,23.20350075,0 85.13780567000001,23.20317993,0 85.13779356000001,23.20314455,0 85.13992115000001,23.20110041,0 85.14098167,23.19904518,0 85.13997841,23.19594765,0 85.13828468,23.19432259,0 85.13999367,23.19101143,0 85.13997458999999,23.1901722,0 85.13999367,23.18933678,0 85.13997458999999,23.18849754,0 85.14029846,23.18818625,0 85.14029753,23.18814073,0 85.14166707,23.18682485,0 85.14247704,23.18432808,0 85.14332770999999,23.18268013,0 85.14329338,23.18101311,0 85.14361513999999,23.18070388,0 85.14361424000001,23.18065979,0 85.14662457999999,23.17776442,0 85.14667702,23.17516899,0 85.14662361000001,23.17264747999999,0 85.14694771000001,23.17233599,0 85.14694679999999,23.17229138,0 85.15150497,23.16791196,0 85.15331078,23.16516304,0 85.15345335000001,23.1650783,0 85.15363117,23.1648071,0 85.15659737999999,23.16304629,0 85.15746575999999,23.16253079,0 85.15548133999999,23.1528492,0 85.15586456,23.15278695,0 85.15580493,23.15249585,0 85.16198118,23.15149045,0 85.16756553,23.14567825,0 85.17281484,23.14482344,0 85.17366199,23.14394172,0 85.17547125,23.14335462,0 85.17833775,23.14242422,0 85.17830849000001,23.14099693,0 85.17980765999999,23.13808632,0 85.17759895,23.13380241,0 85.17745781000001,23.12687874,0 85.17778183999999,23.12653036,0 85.17788186,23.12642033,0 85.17995756000001,23.12425981,0 85.18456653,23.12313626,0 85.18935046999999,23.11815710999999,0 85.19114827999999,23.11897422,0 85.19116789,23.11899462,0 85.19117709,23.1190042,0 85.1919645,23.11982378,0 85.19448118,23.12064043,0 85.19697008999999,23.12232754,0 85.20422304,23.11984516,0 85.20610339,23.12563951,0 85.20653812,23.12564839,0 85.20697996,23.12565742,0 85.20886566,23.12517415,0 85.21030892,23.12480425,0 85.21149376,23.12541463,0 85.21337001000001,23.12638118,0 85.21631813,23.1218853,0 85.2164089,23.12188347,0 85.21664075,23.12153142,0 85.21947283999999,23.12147356,0 85.21952521,23.12147463000001,0 85.22007963999999,23.12148595,0 85.22102928,23.11758614,0 85.22128352999999,23.1175153,0 85.22135252,23.11723243,0 85.22785714,23.11564674,0 85.23255297999999,23.11075924,0 85.23448118,23.10982378,0 85.23685931999999,23.1073486,0 85.24114785,23.10565711,0 85.24363117,23.10397376,0 85.24531451999999,23.10315711000001,0 85.2469645,23.1023071,0 85.25000740999999,23.10083086,0 85.25250536999999,23.09919315,0 85.2524662,23.09723854,0 85.25279291,23.09707991,0 85.25278888,23.09688239,0 85.25563517000001,23.09550148,0 85.25745583,23.09196663,0 85.2575016,23.0897541,0 85.25745963999999,23.08769417,0 85.25778493999999,23.08752681,0 85.25778115,23.08734097,0 85.26028949000001,23.08604875,0 85.26283049,23.08481606,0 85.26323566000001,23.0846195,0 85.26414299,23.08182716,0 85.26434852,23.08183119,0 85.2644646,23.08147346,0 85.26764265,23.08153831,0 85.26830864,23.08016396,0 85.26848606999999,23.08010616,0 85.26863117000001,23.0798071,0 85.27114785000001,23.07899045,0 85.27489815,23.07644823,0 85.27730181,23.07649734,0 85.2793956,23.07654002,0 85.28004172999999,23.07591918,0 85.27989006,23.06853676,0 85.28021731,23.06837807,0 85.2802133,23.06818142,0 85.28196687000001,23.06733071,0 85.2837925,23.05984306,0 85.28652382,23.05581856,0 85.28471947,23.05209923,0 85.28000068999999,23.04981041,0 85.27997397999999,23.04849434,0 85.28082465999999,23.04684639,0 85.28164101,23.04516411,0 85.28249168000001,23.04351234,0 85.28330803,23.04099464,0 85.28351479,23.04099907,0 85.28357427,23.04081579,0 85.28363173,23.04064013,0 85.28388192,23.04064524,0 85.2852312,23.04067278,0 85.28761789000001,23.03951486,0 85.28999138,23.03601265,0 85.29080772,23.03266335,0 85.2910593,23.03260189,0 85.29113117,23.0323071,0 85.29493549999999,23.0313797,0 85.29332542,23.02099419,0 85.29020119,23.01799202,0 85.28837394999999,23.00863074999999,0 85.28724861000001,23.0053463,0 85.28832054,23.00095177,0 85.28862703,23.00065733,0 85.28863998999999,23.00060418,0 85.2901183,22.99917898,0 85.29082628,22.99849877,0 85.28915978000001,22.99526024,0 85.29002423999999,22.99428258,0 85.29033557,22.99393073,0 85.29370908999999,22.99229407,0 85.29529773,22.99064054,0 85.29927924,22.98681516,0 85.29914284,22.98014641,0 85.29947104,22.98015292,0 85.29946381000001,22.97979068,0 85.30105051,22.97982212,0 85.3016495,22.97983435,0 85.30166054,22.97933769,0 85.30161095,22.97689629,0 85.3019316,22.9765524,0 85.30227322,22.9761865,0 85.30440072,22.97397214,0 85.30609688,22.97400672,0 85.30669871000001,22.97342851,0 85.30753516999999,22.9717083,0 85.3078142,22.9714401,0 85.30785724,22.97135139,0 85.31001372,22.96927945,0 85.31126976,22.9654026,0 85.31152068,22.96527343,0 85.31159368,22.96504865,0 85.31447344,22.96356513,0 85.31529783000001,22.96314043,0 85.31829568000001,22.96216763,0 85.31994994999999,22.96118563,0 85.32361469,22.95901007000001,0 85.32162666000001,22.95514488,0 85.32169150999999,22.95194435,0 85.32082558,22.95016289,0 85.31599998,22.94782066,0 85.31499289999999,22.94266319,0 85.31247519999999,22.93934441,0 85.31257057000001,22.9347744,0 85.31153297,22.92870522,0 85.31328773,22.92529869,0 85.31336784,22.92141914,0 85.31329918,22.91806984,0 85.31362621,22.91791161,0 85.31362282000001,22.91771543,0 85.31371555,22.91767044,0 85.31644095999999,22.91634825,0 85.31830788000001,22.91349602,0 85.318551,22.91326271,0 85.31863117,22.91314043,0 85.31948118,22.91232378,0 85.32079589,22.91095541,0 85.32108122,22.91065843,0 85.32176866,22.91064443,0 85.32322284,22.91061479,0 85.32530937,22.91065736,0 85.32687054,22.91068878,0 85.32877922,22.9077816,0 85.32889005,22.90774564,0 85.32910002,22.9074254,0 85.33128193,22.90671736,0 85.331726,22.90657312,0 85.33247566,22.90349388,0 85.33336067,22.90178108,0 85.33327675,22.89768028,0 85.33360431,22.89767381,0 85.33359731,22.89733059,0 85.33572284,22.89728146,0 85.33769252,22.89732161,0 85.33914375000001,22.89432716,0 85.33942327,22.89405874,0 85.33946450000001,22.89397376,0 85.34162713000001,22.89189597,0 85.34082603,22.89016151,0 85.33885384,22.88725471,0 85.34084129,22.88432121,0 85.34079717,22.88208409,0 85.34077644,22.88103294,0 85.34110215,22.88090077,0 85.34109872000001,22.88073244,0 85.3410976,22.88067767,0 85.34531026000001,22.87896933,0 85.34613117000001,22.87982378,0 85.34820848,22.88136369,0 85.35028102,22.88290046,0 85.35113117,22.88899045,0 85.35415068,22.89045539,0 85.35583186,22.89563404,0 85.35772473,22.89567262,0 85.35778221,22.89567377,0 85.3594645,22.8948071,0 85.36345032,22.89402901,0 85.36552620000001,22.88876915,0 85.36581812999999,22.88848804,0 85.36584786,22.88841265,0 85.36668035,22.88761281,0 85.36747551000001,22.88516045,0 85.36777838,22.88486705,0 85.36779783,22.8848071,0 85.36864785,22.88399045,0 85.36946450000001,22.88314043,0 85.37557870000001,22.88228685,0 85.3819645,22.87564043,0 85.38342358,22.87493258,0 85.38351589,22.87488773,0 85.38497734000001,22.8726635,0 85.38665962,22.87018013,0 85.38747597,22.86599541,0 85.38875007999999,22.86351967,0 85.39077568,22.85934639,0 85.3908976,22.85940435,0 85.39091603,22.85936637,0 85.39109841,22.85899045,0 85.394282,22.86050544,0 85.39740313999999,22.86262102,0 85.40076723,22.85938884,0 85.40164085000001,22.85854943,0 85.40170860000001,22.8551693,0 85.40159035000001,22.84934044,0 85.4019194,22.84927616,0 85.40191342999999,22.84898373,0 85.40633237,22.84812107,0 85.40979575999999,22.84301186,0 85.41247749,22.83849525,0 85.41258593000001,22.83849743,0 85.41279804,22.83814012,0 85.41722435,22.83823047,0 85.41943169,22.83368492,0 85.41956159999999,22.8337225,0 85.41975259,22.83332882,0 85.42786212,22.83567572999999,0 85.43029783,22.83314043,0 85.43186177,22.83238171,0 85.43198144,22.83232351,0 85.43358843999999,22.83065081,0 85.43698118,22.82982378,0 85.43858482,22.82899764,0 85.43863116999999,22.82897376,0 85.43866645,22.82895665,0 85.44004787999999,22.82828647,0 85.44200325,22.82025719,0 85.44222205,22.82033209,0 85.44232697,22.81990314,0 85.44768571,22.82173703,0 85.4551369,22.81982744,0 85.45738951,22.81978146,0 85.46155616999999,22.8198665,0 85.46614747,22.81977275,0 85.46838079,22.82209593,0 85.47270306999999,22.82069328,0 85.47414207,22.8184948,0 85.47427422,22.81843066,0 85.4744645,22.81814043,0 85.47825587,22.81630101,0 85.47914314000001,22.81266212,0 85.47939811000001,22.81257941,0 85.47943721,22.81241904,0 85.47946450000001,22.8123071,0 85.48082417000001,22.81186589,0 85.48406004,22.8108158,0 85.48438097,22.8100598,0 85.48499107000001,22.80767632,0 85.48497974999999,22.80705555,0 85.48496819,22.80642128,0 85.48504448,22.80267906,0 85.48176002,22.79952049,0 85.47999382,22.79682732,0 85.47833061,22.79523277,0 85.47665977,22.79099464,0 85.47580910000001,22.7901783,0 85.47499275,22.7876606,0 85.47332573,22.78605843,0 85.47168541000001,22.78101158,0 85.47077751,22.78099632,0 85.46916007999999,22.7826786,0 85.4683094,22.78349495,0 85.46670723,22.78516197,0 85.46318626,22.78345299,0 85.46078300000001,22.78095055,0 85.45511436,22.77820015,0 85.45707512,22.7721653,0 85.4572996,22.77210779,0 85.46170616000001,22.77097893,0 85.46497536,22.77104759,0 85.46463725,22.77067761,0 85.46529783,22.77069109,0 85.46496541,22.77033128,0 85.46380877999999,22.76907935,0 85.45949358999999,22.76625017,0 85.45944861,22.76404385,0 85.45997429000001,22.76349449,0 85.46203041,22.76151848,0 85.46200906,22.76149624,0 85.46235355,22.76116526,0 85.45920622,22.7578884,0 85.45785317000001,22.75648006999999,0 85.4562787,22.75622378,0 85.45279753,22.75565706,0 85.45399412,22.74510881,0 85.45254987,22.74065851,0 85.45029783,22.74147376,0 85.44696408999999,22.74319109,0 85.44539260000001,22.74315904,0 85.44446548000001,22.74314013,0 85.44103554,22.74490689,0 85.43363951000001,22.74475593,0 85.42496246,22.74493302,0 85.42387368,22.74495521,0 85.41861347,22.74150642,0 85.41868263000001,22.7381227,0 85.41572284,22.73818275,0 85.41069817,22.73808025,0 85.41036320000001,22.73807341,0 85.40939984000001,22.73907518,0 85.40869790000001,22.73980577,0 85.40807044,22.73981856,0 85.40779942,22.73982408,0 85.40756193999999,22.73976332,0 85.40447100999999,22.73897112,0 85.4003075,22.74065987,0 85.39948655000001,22.74037942,0 85.39781452,22.7398071,0 85.39365506,22.73845733,0 85.39351741999999,22.73174802,0 85.39497566,22.73099709,0 85.39943123,22.7295475,0 85.39958496,22.72924929,0 85.39975502999999,22.7291941,0 85.4011509,22.72648444,0 85.39915268,22.71957946,0 85.39993080000001,22.7180687,0 85.40112913,22.71574256,0 85.40114805,22.71481544,0 85.40113227000001,22.71404202,0 85.40110553,22.7127321,0 85.40112560999999,22.71174921,0 85.40114826,22.71064114,0 85.40046506,22.70906221,0 85.39862852,22.70481757,0 85.39998666,22.69951806,0 85.40029783,22.6983038,0 85.39819055,22.69767053,0 85.39692706,22.69729082,0 85.39650241,22.6972995,0 85.39441686000001,22.69734209,0 85.39375336000001,22.69665172,0 85.39119525,22.69398922,0 85.38858389000001,22.69314169,0 85.38798633,22.69251984,0 85.38623126,22.69069312,0 85.38617427,22.69069196,0 85.38196480000001,22.69060605,0 85.38031452,22.69232378,0 85.3794645,22.69314043,0 85.37770200999999,22.69497484,0 85.36863950999999,22.6947899,0 85.36697284,22.69482398,0 85.36123655,22.6947069,0 85.36096581,22.6950637,0 85.36091423000001,22.69506264,0 85.35827064,22.69854545999999,0 85.35588476,22.70589687,0 85.35453113,22.70730577,0 85.35335481,22.70732977,0 85.35289569,22.70733914,0 85.34733294999999,22.70514503,0 85.34679887999999,22.70463193,0 85.34613117000001,22.70399045,0 85.34509788,22.70291495,0 85.34449787,22.70229041,0 85.34347767,22.70131024,0 85.34171954,22.69962104,0 85.34411985,22.69327868,0 85.34484654000001,22.6913584,0 85.33906034,22.68937782,0 85.32939431,22.69135759,0 85.32617236,22.68826209,0 85.32198952,22.68188209,0 85.31895949,22.6804121,0 85.31791858,22.67990709,0 85.31775711,22.67975195,0 85.31664508,22.67868354000001,0 85.31548208,22.673913,0 85.31401087,22.66787775,0 85.30948067,22.66480679,0 85.30835878000001,22.66482969,0 85.30788115,22.66483944,0 85.30706374,22.66444289,0 85.30613117,22.66399045,0 85.30519285,22.6610988,0 85.29897957,22.6573309,0 85.29613951,22.65727292,0 85.29318883000001,22.65733313,0 85.29449786000001,22.65479143,0 85.29445004999999,22.65245124,0 85.29455738,22.65201102,0 85.29554186,22.64797293000001,0 85.29746056,22.64597893,0 85.30315208,22.64321709,0 85.30322877,22.64298084,0 85.30347308,22.64286231,0 85.30362913,22.64238144,0 85.30444251,22.63987485,0 85.30586052,22.63851357,0 85.30585954,22.63846683,0 85.30618223,22.63815681,0 85.3061155,22.63489041,0 85.30696450000001,22.63314043,0 85.30960498,22.62878638,0 85.31156487,22.62474659,0 85.31736565,22.62193108,0 85.32014656,22.62004662,0 85.32665062,22.62018013,0 85.32748604,22.62016106,0 85.32910729,22.62019539,0 85.32999229000001,22.61934471,0 85.33241844,22.61681938,0 85.34158134,22.6177578,0 85.34325981000001,22.61601067,0 85.34499168000001,22.61682701,0 85.34771538,22.61823082,0 85.34958458,22.61643791,0 85.35080910000001,22.6151638,0 85.35249138,22.61434746,0 85.35256870000001,22.6141097,0 85.35281452,22.61399045,0 85.35367318999999,22.61134429,0 85.36082648999999,22.61017799,0 85.36406517,22.60851097,0 85.3687458,22.60759544,0 85.36891295,22.60727205,0 85.36906919,22.6072412,0 85.37121424,22.60307731,0 85.37111507,22.59820052,0 85.37248039000001,22.59688759,0 85.37249425,22.59683081,0 85.37280414,22.59653307,0 85.37363117,22.59314043,0 85.37435382,22.59173766,0 85.37448148999999,22.59148984,0 85.37446318000001,22.59059394,0 85.37658098999999,22.58648291,0 85.37486462,22.58314944,0 85.37614785,22.58065711,0 85.37691483,22.57829363,0 85.37695891,22.57815779,0 85.37840079999999,22.57677269,0 85.3784804,22.57665135,0 85.37851216999999,22.57662083,0 85.37872240999999,22.57641883,0 85.38218584000001,22.57113615,0 85.38428307,22.57011986,0 85.38664436000001,22.56766319,0 85.38749122999999,22.56684685,0 85.38760914,22.56668776,0 85.38781452000001,22.56649045,0 85.38977242,22.5638493,0 85.39026457999999,22.56318538,0 85.39166068999999,22.56184578,0 85.39247704,22.5609951,0 85.39493752,22.55862999,0 85.39492368000001,22.558598,0 85.3952604,22.5582745,0 85.39356979999999,22.55436734,0 85.39197385999999,22.5506787,0 85.39330864,22.54939461,0 85.39329757,22.5493598,0 85.39363117000001,22.54903917,0 85.39281452,22.54647376,0 85.39109719,22.54314012,0 85.39114805,22.54064877,0 85.39113619,22.54007023,0 85.39113106000001,22.53982003,0 85.39249229000001,22.53851128,0 85.39253291999999,22.53842765,0 85.39281452,22.53815711,0 85.39435963,22.53497206999999,0 85.39497566,22.53433037,0 85.39582634,22.53351402,0 85.39664268,22.53266334,0 85.39749336,22.531847,0 85.39753677,22.53175729,0 85.39781452,22.53149045,0 85.39877797,22.52950448,0 85.40129662,22.52828407,0 85.40143331,22.52801864,0 85.40161924,22.52792843,0 85.40365273,22.52398098,0 85.40124571,22.52043016,0 85.40347687000001,22.51713873,0 85.40448606,22.51564989,0 85.40378074,22.51428079,0 85.40363117,22.51399045,0 85.40198131,22.50980742,0 85.40026345,22.50815681,0 85.40027753,22.507468,0 85.40031472,22.50564877,0 85.40028705,22.50429565,0 85.40028217,22.50405707,0 85.40048666,22.50363556,0 85.40100615999999,22.50256475,0 85.40249061999999,22.50184441,0 85.40371895,22.5005703,0 85.40585899,22.49851418,0 85.40584287,22.49848286,0 85.40618182,22.49815721,0 85.4044645,22.49482378,0 85.40364799,22.49314072,0 85.40332623,22.49283144,0 85.40275145,22.49227922,0 85.40114785,22.48897376,0 85.40061297,22.48882291,0 85.39421446,22.4870182,0 85.39194757,22.48484031,0 85.39281452,22.48315711,0 85.39363117000001,22.48147376,0 85.39529905000001,22.47823605,0 85.39613117,22.47397376,0 85.39698118,22.47232378,0 85.39756514,22.47052419,0 85.39777647,22.46987292,0 85.39914131,22.46856117,0 85.39911957,22.46853723,0 85.39946449999999,22.46820584,0 85.39735757,22.46588721,0 85.39494113000001,22.46430295,0 85.39377641999999,22.4635393,0 85.39364213,22.45702981,0 85.39362549000001,22.45621462,0 85.39359942999999,22.45493771,0 85.39396243,22.4540826,0 85.39636143,22.44843403,0 85.3963936,22.44835827,0 85.39989281,22.45016289,0 85.40749168000001,22.44934654,0 85.41082191,22.44849205,0 85.41447257999999,22.45096779,0 85.41911125,22.45106316,0 85.42038536,22.44973564,0 85.42334557,22.44689369,0 85.42334461,22.44684709,0 85.42366607,22.44653824,0 85.42354816,22.44075273,0 85.42441723,22.43906567,0 85.42531448,22.43732385,0 85.42631364,22.43220612,0 85.42786598000001,22.43058968,0 85.4295826,22.43223762,0 85.43147469,22.43420601,0 85.4388752,22.43523979,0 85.44247627,22.43767738,0 85.44529915,22.43859673,0 85.4474926,22.44182777,0 85.44927788,22.44455147,0 85.45632744,22.44635963,0 85.4688549,22.44771767,0 85.47135735000001,22.45407295,0 85.47580910000001,22.45834923,0 85.47685814,22.46798134,0 85.48164177,22.47184563,0 85.48352242,22.47275734,0 85.48536110000001,22.47993278,0 85.48367500000001,22.48486137,0 85.48832512,22.48932838,0 85.48993111,22.49427986,0 85.49414253,22.49767876,0 85.49672508,22.49937248,0 85.49659538,22.50573921,0 85.49752998,22.50957298,0 85.49915885999999,22.51432991,0 85.50047112,22.51837349,0 85.50331306,22.51934624,0 85.51103019999999,22.51803017,0 85.51368141,22.52349663,0 85.51703835000001,22.5222187,0 85.52076529999999,22.51863289,0 85.52080435000001,22.51855243,0 85.52084022,22.51851797,0 85.52108844,22.51827949,0 85.52272927,22.51489753,0 85.52531451999999,22.51149045,0 85.52688182999999,22.50909986,0 85.52824210999999,22.50779152,0 85.52828838000001,22.50770173,0 85.52856443,22.50743649,0 85.5302958,22.50407589,0 85.53034646,22.50159064,0 85.52948118,22.4998071,0 85.52824959,22.49741581,0 85.53245354000001,22.49465752,0 85.53245633,22.49451216,0 85.53277403,22.49430386,0 85.53281472,22.49231544,0 85.53274862000001,22.48908041,0 85.53330803,22.48849678,0 85.53415871,22.48768044,0 85.53424156,22.487554,0 85.53448118,22.48732378,0 85.53592933,22.4851149,0 85.54235649,22.48524284,0 85.54238323,22.4852312,0 85.54245515,22.48515483,0 85.54252185,22.485084,0 85.54458427,22.4831028,0 85.5446463,22.48303813,0 85.5449363,22.482779,0 85.54550181,22.48214616,0 85.54592705,22.4817028,0 85.55165672,22.48267937,0 85.55331993,22.48182487,0 85.55623054,22.48379707,0 85.55938055,22.48303012,0 85.56027509,22.4829768,0 85.56167341,22.48289324,0 85.56276093,22.47822045,0 85.56332587999999,22.4776783,0 85.56338645,22.47758589,0 85.5636629,22.47733883,0 85.56562583,22.47425253,0 85.56577159,22.47402334,0 85.56832944999999,22.47354555,0 85.57164192,22.47347832,0 85.57473183,22.47669411,0 85.57984734,22.47933006,0 85.5824774,22.47814351,0 85.58287901,22.47811958,0 85.58282130000001,22.47715189,0 85.58278135,22.4764821,0 85.58281929,22.47584594,0 85.58414268999999,22.4751606,0 85.58749199,22.47434425,0 85.58755922,22.47406841,0 85.58778605000001,22.47401563,0 85.58782961,22.47400535,0 85.58861611,22.47062537,0 85.59241555,22.46599443,0 85.59241065000001,22.46591214,0 85.59247397999999,22.46583366,0 85.59234441,22.46480076,0 85.59230044,22.46406295,0 85.59192401,22.45774645,0 85.59040733000001,22.45351968,0 85.59000141,22.45238837,0 85.58958599,22.45162387,0 85.58861512999999,22.44983715,0 85.58999061999999,22.44851112,0 85.59024178999999,22.44825061,0 85.59032885000001,22.4481728,0 85.59048378,22.44799961,0 85.59081078,22.44766045,0 85.59223163,22.44629531,0 85.59346834,22.44519031,0 85.59440509,22.4443533,0 85.59523847,22.44253759,0 85.59671888,22.43931205,0 85.5987339,22.43935585,0 85.60165215000001,22.43929482,0 85.60653877,22.439394,0 85.60795625999999,22.43803102,0 85.60812783,22.43793779,0 85.60882979,22.43715219,0 85.60953573,22.43641911,0 85.61040677,22.43601932,0 85.61290169,22.4359684,0 85.61574364000001,22.43602943,0 85.61663736,22.43559428,0 85.6173773,22.4355502,0 85.61944944,22.43229204,0 85.62033627,22.431728,0 85.6226635,22.43092918,0 85.62665749,22.43101311,0 85.63005352,22.42870928,0 85.6304214,22.42855739,0 85.63165855,22.42932701,0 85.63580894,22.43434715,0 85.63746451999999,22.43593407,0 85.63950156999999,22.44013405,0 85.64166068999999,22.44017982,0 85.64170566,22.44004109,0 85.64190537,22.44013276,0 85.64282055,22.43716969,0 85.64411359,22.43601413,0 85.64539909,22.43598747,0 85.64742851,22.43602943,0 85.65142632,22.43500328,0 85.65534782,22.43766212,0 85.65701883,22.43584234,0 85.65973126999999,22.43374028,0 85.65971347,22.43343539,0 85.65968393,22.43293995,0 85.65997505,22.43262291,0 85.65959727000001,22.43148518,0 85.65943154,22.42870643,0 85.65690245,22.4240524,0 85.65634329,22.42283412,0 85.65532957000001,22.42062537,0 85.65111665000001,22.4156728,0 85.65073482,22.41352327,0 85.65053042,22.41237125,0 85.65081596,22.41095543,0 85.65301989,22.40883735,0 85.65356971999999,22.40834431,0 85.64778278,22.40317217,0 85.64775439,22.40311032,0 85.64695656000001,22.40137204,0 85.64361611,22.39983883,0 85.64181029,22.39781781,0 85.64162185000001,22.39760692,0 85.64115412,22.39658846,0 85.64008563,22.39426042,0 85.63103895,22.39305046,0 85.62958944,22.38529155,0 85.62937783,22.38415789,0 85.62947071000001,22.38389907,0 85.62987834,22.38276318,0 85.63079261999999,22.38181114,0 85.63525962999999,22.38190269,0 85.6384606,22.37980421,0 85.63935219,22.37931973,0 85.64026008,22.37734136,0 85.64612389,22.37877083,0 85.64826775,22.38100243,0 85.65165901,22.38183022,0 85.65337181,22.38271141,0 85.65732765,22.3826313,0 85.65999413,22.38349724,0 85.66486168,22.38516045,0 85.66833687,22.3840847,0 85.66833463,22.38397542,0 85.66871234,22.38395291,0 85.66861469,22.38231544,0 85.66864302,22.38183922,0 85.66914939999999,22.38183022,0 85.67019843999999,22.38184929,0 85.67609363,22.37747933,0 85.67681598,22.37697476,0 85.67858892,22.37236254,0 85.68000221,22.3710041,0 85.67997681999999,22.37098743,0 85.68036016000001,22.37064492,0 85.67971651000001,22.3702354,0 85.67714598000001,22.36860063,0 85.67616312,22.36645918,0 85.67465879,22.36511473,0 85.67447548,22.36495089,0 85.67340668999999,22.36035723,0 85.67801857000001,22.35733604,0 85.67794593000001,22.35726618,0 85.67840513,22.35697283,0 85.67694944,22.35567217,0 85.6765188,22.35502153,0 85.67630569000001,22.35469954,0 85.67711067,22.35381508,0 85.67997551000001,22.35106087,0 85.67949195999999,22.35055269,0 85.67943825,22.34965135,0 85.67777031999999,22.3481612,0 85.67870787,22.34554684,0 85.67863265,22.34428494,0 85.68224144,22.34435844,0 85.68808777,22.34364251,0 85.69024473,22.34351396,0 85.69141457000001,22.32732876,0 85.69308482,22.32626654,0 85.69719124,22.32460213,0 85.70419884,22.32289314,0 85.70419454,22.32266073,0 85.70422682,22.32265322,0 85.7046118,22.32256365,0 85.70444802,22.31981544,0 85.70448877,22.319131,0 85.7044969,22.31899431,0 85.70497704,22.3184948,0 85.70749092,22.31767845,0 85.71017152,22.31630025,0 85.71084602000001,22.31634045,0 85.71135389,22.31637071,0 85.71665763999999,22.31766319,0 85.71888853999999,22.31881189,0 85.71896172,22.31884956,0 85.71960298,22.3176017,0 85.72111611,22.31668281,0 85.71801594,22.30922958,0 85.71861171,22.30813337,0 85.71949888,22.30650092,0 85.71939838,22.30481544,0 85.71957208000001,22.30189953,0 85.71926756000001,22.29678799,0 85.71946946,22.29622534,0 85.72185496,22.28957722,0 85.72076687000001,22.28860481,0 85.71951841000001,22.28748939,0 85.71866332,22.28562629,0 85.7180256,22.28537743,0 85.71792793,22.28517723,0 85.71766018,22.28523526,0 85.71732794,22.28510601,0 85.71664122,22.28483883,0 85.71286977,22.2861922,0 85.71195412,22.28652076,0 85.71116290000001,22.28395871,0 85.71064481000001,22.28329018,0 85.70799151999999,22.2798663,0 85.70555588000001,22.27874843,0 85.704553,22.27828813,0 85.70420338,22.27789685,0 85.70331034,22.27689735,0 85.7033062,22.27670097,0 85.70330198000001,22.27650097,0 85.70420246,22.27399116,0 85.70432128,22.27366,0 85.70491398999999,22.27275558,0 85.70512601,22.27243209,0 85.70572657,22.27189542,0 85.70747566,22.27099419,0 85.70921898,22.27014732,0 85.70953156,22.26982275,0 85.70958724,22.26979719,0 85.70964678999999,22.26976986,0 85.70985288999999,22.26953919,0 85.71047261,22.26884559,0 85.71080971000001,22.26849556,0 85.71166038,22.26767921,0 85.71193297000001,22.26739537,0 85.71199624,22.26733883,0 85.71211602,22.26720477,0 85.71421276,22.26502145,0 85.714342,22.26488785,0 85.71481039,22.26446937,0 85.71750068999999,22.26264381,0 85.71997261,22.26269722,0 85.72414589,22.25932503,0 85.72971535000001,22.26046562,0 85.73004145,22.26014337,0 85.73048051000001,22.25966991,0 85.73162651,22.25847816,0 85.73650551,22.26099205,0 85.73749352,22.26101112,0 85.7375385,22.2608742,0 85.7377391,22.26096528,0 85.73861611,22.25812537,0 85.73932682,22.25787739,0 85.73993157,22.25803812,0 85.74165916,22.25849724,0 85.74497031999999,22.26074028,0 85.74832726,22.26182747,0 85.7491436,22.26267815,0 85.75082587999999,22.26349449,0 85.75258827,22.26532936,0 85.75912666000001,22.2639904,0 85.76005745000001,22.27349663,0 85.76195952,22.27302111,0 85.76221576,22.27312537,0 85.76272672,22.27284772,0 85.76278945999999,22.27281362,0 85.76436043,22.27242088,0 85.76546015,22.27136238,0 85.76632709,22.27089128,0 85.76861611,22.26729204,0 85.77012282,22.26513487,0 85.77486229,22.26351357,0 85.77665901,22.26432991,0 85.77747536,22.26518059,0 85.77915001,22.26514626,0 85.78165245,22.26519585,0 85.78180544,22.26487993,0 85.78188369,22.26488459,0 85.78197283999999,22.2648899,0 85.78354806999999,22.26145788,0 85.78873253,22.26278877,0 85.79248619000001,22.26182747,0 85.79456902,22.2628994,0 85.79829216,22.26097679,0 85.79998589,22.26185036,0 85.80247688,22.26016045,0 85.80808067,22.25906944,0 85.81080818,22.25766182,0 85.81223996,22.25731285,0 85.81415749,22.25684547,0 85.81419533,22.25657552,0 85.81436463999999,22.25653612,0 85.81449624,22.2565055,0 85.81490586,22.255179,0 85.8153753,22.25365875,0 85.81542378,22.25350173,0 85.81730843,22.25335121,0 85.82296181,22.24982262,0 85.82301412,22.24964898,0 85.82325204999999,22.2495019,0 85.82388089,22.24746645,0 85.82444944,22.24562537,0 85.82632502,22.24217376,0 85.83527565,22.24099922,0 85.83696560999999,22.23903993,0 85.83752942,22.23840893,0 85.8383503,22.23770332,0 85.83868119,22.23731837,0 85.83914061,22.23680429,0 85.84501457,22.2360363,0 85.84900856,22.23456764,0 85.84941745,22.23409383,0 85.85060606,22.23276344,0 85.85023536999999,22.22654558,0 85.85116290000001,22.22483883,0 85.85178654000001,22.2234801,0 85.85628319,22.22384071,0 85.85881996000001,22.22678566,0 85.86196708999999,22.22764015,0 85.86623573,22.22525978,0 85.86911963999999,22.22686958,0 85.8711338,22.22764015,0 85.87793159,22.22384834,0 85.88246346,22.22551155,0 85.88584328,22.22943687,0 85.88873482,22.22920418,0 85.89240456,22.22949791,0 85.89277205,22.22906992,0 85.89333723999999,22.22843736,0 85.8935098,22.2282446,0 85.89365106,22.22808681,0 85.89369756000001,22.22823729,0 85.89471892,22.23154186,0 85.89869437,22.2313049,0 85.89905616999999,22.23128333,0 85.90072284,22.23138276,0 85.90282184,22.23150794,0 85.90938294999999,22.22956591,0 85.90951231,22.22971068,0 85.91111610999999,22.2315055,0 85.91408749999999,22.23339535,0 85.91705503999999,22.2374843,0 85.92113951,22.23724097,0 85.92280617,22.23734026,0 85.92491258,22.23721475,0 85.92617226,22.2330265,0 85.92642784,22.23294935,0 85.92650938,22.23268531,0 85.93032957,22.2315055,0 85.93035189,22.23148872,0 85.93241316,22.22993927,0 85.93078804,22.22853661,0 85.92971992,22.22269249,0 85.93007806999999,22.22261114,0 85.93006984,22.22256706,0 85.93002966,22.2223518,0 85.93399331000001,22.2214286,0 85.9353255,22.22150815,0 85.94008865000001,22.21856342,0 85.93973351,22.21414757,0 85.94082287000001,22.21320973,0 85.94334746,22.21095413,0 85.94325066,22.20975304,0 85.94350243,22.20662117,0 85.94376208,22.20650522,0 85.94377333,22.20631897,0 85.94699122999999,22.20484113,0 85.94861031000001,22.20296288,0 85.94887983,22.20273071,0 85.94896238,22.20263831,0 85.95302298999999,22.19901032,0 85.95321048,22.1988428,0 85.95416831999999,22.19669533,0 85.95438525,22.19659837,0 85.95448912000001,22.19637204,0 85.95782957,22.19483883,0 85.9594847,22.1939395,0 85.9610157,22.1855526,0 85.96067238000001,22.18126488,0 85.95771216999999,22.17994499,0 85.95668221,22.17764091,0 85.95359993,22.17626381,0 85.94699735,22.17807177,0 85.94688741,22.17819479,0 85.94616159,22.17900606,0 85.94584847,22.17936897,0 85.94395256,22.18013954,0 85.94251441999999,22.17847252,0 85.94098473,22.17715645,0 85.93388376,22.17772649,0 85.93234919,22.17944384,0 85.93195153000001,22.17988867,0 85.93162346,22.18026924,0 85.92998314,22.18013573,0 85.928982,22.18021582,0 85.92782712,22.18150676,0 85.92751503,22.1818676,0 85.92593956,22.18263817,0 85.92168236000001,22.17930794,0 85.91911888,22.17853355,0 85.91834831,22.17764092,0 85.91328621,22.1735363,0 85.91251564,22.17180443,0 85.91078758,22.16936684,0 85.90980721,22.16611671,0 85.91028023,22.16024971,0 85.90162085999999,22.15936852,0 85.9008503,22.14847374,0 85.8999424,22.1434803,0 85.90028503000001,22.14318558,0 85.90174294000001,22.14193153,0 85.9027839,22.1407235,0 85.90331118,22.14013334,0 85.90681648,22.13933754,0 85.90679385999999,22.13905391,0 85.90709695,22.1389821,0 85.90693394,22.13624532,0 85.90690449,22.13575083,0 85.90782957,22.13317217,0 85.90861611,22.12812537,0 85.90973231,22.12607124,0 85.91322135999999,22.12451363,0 85.91356789,22.12411191,0 85.91532749,22.12214257,0 85.91911888,22.12353325,0 85.92226601,22.12430763,0 85.92230839,22.12389189,0 85.92257404,22.12395871,0 85.92371744,22.11298665,0 85.92533302,22.11159325,0 85.92532620999999,22.11150857,0 85.92556802,22.11129249,0 85.92508873,22.10324958,0 85.92448462999999,22.10213735,0 85.9225952,22.09866045,0 85.92179589,22.09794628,0 85.92080137000001,22.09705767,0 85.91778278,22.09567217,0 85.91641408,22.09492847,0 85.91547706999999,22.09441932,0 85.91471756999999,22.08954568,0 85.91449624000001,22.08812537,0 85.91426677,22.08770309,0 85.91342853,22.08616045,0 85.91071389,22.08373491,0 85.90924237999999,22.07896964,0 85.91168021999999,22.07686806,0 85.91171328999999,22.07675832,0 85.91199623999999,22.0765055,0 85.91286375,22.07369666,0 85.91250683,22.06770993,0 85.91250427,22.06766688,0 85.91250033999999,22.06760095,0 85.91413307000001,22.06619072,0 85.91417658,22.06604664,0 85.9144584,22.06579485,0 85.91521049000001,22.06335944,0 85.9170742,22.0625248,0 85.91705707,22.06231101,0 85.917289,22.06220456,0 85.91689838000001,22.05564877,0 85.91701672000001,22.05366768,0 85.91918373,22.05270195,0 85.91949592,22.05233898,0 85.92003474000001,22.05173625,0 85.92085838,22.0510273,0 85.92084706999999,22.0509546,0 85.92116921,22.05066667,0 85.92060348,22.04694714,0 85.92024514000001,22.04459103,0 85.92034742,22.04287406,0 85.92199624,22.03983883,0 85.92278278000001,22.03812537,0 85.92532957,22.03483883,0 85.92815489,22.03094601,0 85.93049213,22.02585324,0 85.93029452,22.02253765,0 85.93185444,22.0220662,0 85.93285179,22.02176475,0 85.93456841,22.0219059,0 85.93882034000001,22.02156363,0 85.94063377000001,22.02141762,0 85.94077342999999,22.02125572,0 85.9419745,22.01986327,0 85.94235739,22.01943477,0 85.94247693,22.01930099,0 85.94574165,22.01831627,0 85.94931602,22.02031136,0 85.95105054,22.01829798,0 85.95194205,22.01730018,0 85.95853615,22.01580238,0 85.9585131,22.01551318,0 85.95858807,22.01549573,0 85.95880124999999,22.01544613,0 85.95840407,22.00878291,0 85.95833422,22.00761106,0 85.96084784999999,22.00603294,0 85.96601677,22.00198555,0 85.97196769999999,22.00020027,0 85.97411919,22.00270271,0 85.97576332,22.00411797,0 85.97705268999999,22.00700188,0 85.98827171000001,22.01125908,0 85.98945788,22.00988194,0 85.98997611999999,22.00930192,0 85.99016202999999,22.00909385,0 85.99028278,22.00895871,0 85.99035661000001,22.00894493,0 85.99675087999999,22.00775143,0 85.99859621,22.00981656,0 85.99861611,22.00983883,0 86.00049695,22.01041971,0 86.0011629,22.01062537,0 86.00204277,22.01161003,0 86.00248166999999,22.0121012,0 86.00464291,22.01549949,0 86.00561562999999,22.01702862,0 86.0093995,22.017909,0 86.01032957,22.01812537,0 86.01440123,22.01958635,0 86.01814053,22.02377133,0 86.01845724,22.02412581,0 86.01944944,22.02733883,0 86.02115766999999,22.02786639,0 86.02319863,22.02849667,0 86.02611611,22.02645871,0 86.02839998,22.02575337,0 86.02911949,22.02180672,0 86.02940022999999,22.02172233,0 86.02944943999999,22.02145871,0 86.03199624,22.02067217,0 86.03411135,22.01991332,0 86.03447772,22.01978187,0 86.03522166,22.02018613,0 86.03611610999999,22.02067217,0 86.04032957,22.02145871,0 86.0416943,22.02182424,0 86.04420815,22.02249753,0 86.0450506,22.02433299,0 86.04528277999999,22.02483883,0 86.04860228,22.02695004,0 86.05116289999999,22.02812537,0 86.052053,22.02912147,0 86.05385440000001,22.02994824,0 86.05541624,22.03066505,0 86.05701888999999,22.03415648,0 86.05780953,22.03486284,0 86.05917460000001,22.03608145,0 86.06019402,22.03048515,0 86.06047246999999,22.03044273,0 86.06052834,22.0301434,0 86.06850828,22.02889971,0 86.07387572,22.02921976,0 86.07496834,22.02677345,0 86.07509666,22.02686421,0 86.07529503000001,22.02643448,0 86.08173927999999,22.03093584,0 86.086994,22.03062273,0 86.08736111,22.03103359,0 86.08778278,22.0315055,0 86.09006753,22.03255409,0 86.09049125999999,22.03347733,0 86.09125425000001,22.03513974,0 86.09299987999999,22.03669959,0 86.09366338,22.03729307,0 86.09381475000001,22.03762285,0 86.09488564,22.03995582,0 86.09468047999999,22.04033338,0 86.09145143000001,22.04627691,0 86.09366343000001,22.04729233,0 86.09377057,22.04735055,0 86.09536964999999,22.04821957,0 86.09924457,22.04798845,0 86.10048205,22.04866094,0 86.10111611000001,22.0490055,0 86.10282957,22.04979204,0 86.10337629,22.05040381,0 86.10400937999999,22.05111223,0 86.10778956,22.0522796,0 86.10844256999999,22.05248125,0 86.11122295,22.05559317,0 86.11288632999999,22.0574548,0 86.11356902,22.05776815,0 86.1190635,22.06028988,0 86.12328733,22.0635632,0 86.12272480999999,22.06513096,0 86.12238963,22.0660651,0 86.12978127,22.06554298,0 86.1318953,22.06566898,0 86.13232447999999,22.06569463,0 86.13392073,22.0674812,0 86.13594257,22.06974403,0 86.14212424,22.07312394,0 86.14337338,22.07172852,0 86.14341156,22.07168751,0 86.14369179000001,22.07137387,0 86.15098003,22.06912333,0 86.15097845,22.06909696,0 86.15074348,22.0651722,0 86.15085793,22.0632267,0 86.15258598,22.06005287,0 86.15270927,22.06006016,0 86.15290648,22.05969723,0 86.15690499,22.05993561,0 86.15755272,22.05921364,0 86.1573391,22.05565071,0 86.15452003,22.05313301,0 86.15320396,22.05166054,0 86.15343285,22.04781532,0 86.15221977,22.04558754,0 86.15334129,22.0435276,0 86.15440178,22.0412159,0 86.15313911,22.03529549,0 86.14862251,22.03424263,0 86.14750862,22.03181267,0 86.14584923,22.02876091,0 86.14498329,22.02503395,0 86.14329338,22.02352715,0 86.14237022,22.02249336,0 86.14253426000001,22.01975441,0 86.14233589,22.01642036,0 86.14255618999999,22.01269828,0 86.14259147999999,22.01210213,0 86.14438057,22.0071125,0 86.14458714,22.00708496,0 86.14462046,22.00699285,0 86.14470437,22.006759,0 86.15311257,22.00563433,0 86.15778278000001,22.00395871,0 86.16507568999999,22.00298333,0 86.16491127,22.00016975,0 86.16501427,21.99838829,0 86.16532518,21.99824543,0 86.16533791000001,21.99803158,0 86.17164751999999,21.99513567,0 86.17361611,21.99733883,0 86.17543612999999,21.99776235,0 86.17699623999999,21.99812537,0 86.17738127,21.99828551,0 86.18111611,21.99983883,0 86.1861629,22.00062537,0 86.18862995000001,22.00151059,0 86.19520058000001,22.00051103,0 86.19861611,21.99812537,0 86.20199624,21.99733883,0 86.20337592,21.99658911,0 86.20319557000001,21.99356651,0 86.20352281,21.99327493,0 86.20351906,21.99321204,0 86.20447497000001,21.99235784,0 86.20616722,21.99046135,0 86.2074604,21.9876461,0 86.20764667,21.98758859,0 86.20778368000001,21.98729176,0 86.21099606999999,21.98629981,0 86.21326266,21.98643485,0 86.21629856,21.98661566,0 86.21927071,21.98194313,0 86.21938095,21.98192254,0 86.2195943,21.98158708,0 86.22449623999999,21.98067217,0 86.22848895,21.97757789,0 86.23111611,21.9790055,0 86.23576882,21.98114092,0 86.23949623999999,21.98229204,0 86.24069863,21.98363787,0 86.24445616,21.9822896,0 86.24585346000001,21.98237281,0 86.25194944,21.9840055,0 86.25616290000001,21.98479204,0 86.26223650999999,21.98659054,0 86.26592132,21.98637087,0 86.26653377,21.98633413,0 86.26746178,21.98431206,0 86.26773145,21.98407052,0 86.26778278,21.98395871,0 86.26835825000001,21.98344443,0 86.26918221,21.97991371,0 86.27103233,21.97650719,0 86.27118073,21.97647267,0 86.27135536999999,21.97615129,0 86.27699624,21.97483883,0 86.27874797,21.9738869,0 86.27886778,21.97382178,0 86.27911521,21.97383654,0 86.28197283999999,21.97400692,0 86.28312519000001,21.9739382,0 86.28906059000001,21.96575737,0 86.28909631000001,21.96579696,0 86.28938414,21.96540036,0 86.29169675999999,21.96798886,0 86.29180305,21.96833305,0 86.29238951000001,21.9702321,0 86.2930736,21.97036564,0 86.29401769,21.97054992,0 86.29558734,21.97085629,0 86.29934792,21.97477027,0 86.30761,21.97493898,0 86.30907630999999,21.97191429,0 86.30927593,21.97181142,0 86.30939878,21.97155819,0 86.31444147000001,21.96896044,0 86.31600075,21.96815711,0 86.3178202,21.96854972,0 86.32428933,21.96994544,0 86.32686671,21.97169267,0 86.32889172,21.9730652,0 86.33766315,21.97418616,0 86.3457406,21.97241311,0 86.34497261,21.97016716,0 86.34669304000001,21.96763039,0 86.34659386,21.96271324,0 86.34691807,21.96254575,0 86.34691425,21.96235837,0 86.34731712,21.9621508,0 86.34863117,21.96147376,0 86.34928108,21.96121744,0 86.35281452,21.95982378,0 86.3569645,21.95814043,0 86.35948118,21.95732378,0 86.36106993,21.95567013,0 86.36513180999999,21.95369954,0 86.36268806,21.95009804,0 86.36163902,21.94600105,0 86.36254311,21.94425011,0 86.36247444,21.9410038,0 86.36255837,21.93691063,0 86.35582542,21.9285717,0 86.35664177,21.92599678,0 86.35694475,21.9257027,0 86.3569645,21.92564043,0 86.35919287,21.92349948,0 86.3591404,21.92100334,0 86.35920906,21.91772652,0 86.35660744,21.91430092,0 86.35668373,21.9105854,0 86.35659218000001,21.90609169,0 86.35828209,21.90281105,0 86.35989571,21.89784432,0 86.36247444,21.89349556,0 86.36273645,21.89324382,0 86.36279783000001,21.89314043,0 86.36385143,21.8921281,0 86.36533928,21.88632774,0 86.36414146,21.88517952,0 86.35946465000001,21.88031197,0 86.35613441,21.87869453,0 86.35247612000001,21.87517738,0 86.35165978000001,21.8734951,0 86.35006523,21.87040138,0 86.34994316,21.86433601,0 86.3500576,21.8586216,0 86.34885597,21.856287,0 86.35080910000001,21.84865761,0 86.34923744,21.8419323,0 86.34620476000001,21.83793449,0 86.34454155,21.83307838,0 86.34487577,21.83275732,0 86.34486428,21.83272376,0 86.34699786,21.83067379,0 86.34866409999999,21.82894,0 86.3496442,21.82896003,0 86.35193012000001,21.82900672,0 86.35384731000001,21.82716475,0 86.35412502,21.82689793,0 86.35424232,21.8211689,0 86.35185051000001,21.81418037,0 86.35217317,21.81383241,0 86.35402523,21.81189708,0 86.35507078000001,21.81080889,0 86.35687754,21.80946958,0 86.36077512,21.80658023,0 86.35980797000001,21.80380058,0 86.35666084,21.79849434,0 86.35338401999999,21.79366112,0 86.35210609000001,21.78993416,0 86.35414314000001,21.78682899,0 86.35427288,21.78676604,0 86.35439965,21.78657268,0 86.35446449,21.78647378,0 86.35614785,21.78565711,0 86.35967202,21.78384152,0 86.36857949,21.7840234,0 86.37041884999999,21.78225618,0 86.36914253,21.77351189,0 86.36915779,21.77266502,0 86.36750221,21.76619148,0 86.36794270999999,21.76630433,0 86.36783677,21.76589099,0 86.36782266,21.76583595,0 86.37359256000001,21.76731396,0 86.37415412999999,21.7674578,0 86.37614785,21.76649045,0 86.37863117000001,21.7648071,0 86.38131079,21.76393749,0 86.38149365,21.76387815,0 86.37999153,21.76182747,0 86.3759098,21.75677299,0 86.37830925,21.75182915,0 86.37915993,21.75017738,0 86.38146782,21.74542046,0 86.38329396,21.74272419,0 86.38333321,21.74266624,0 86.37928581,21.74135017,0 86.37832451,21.73349571,0 86.37747002,21.73267174,0 86.37920952,21.73010445,0 86.37912559999999,21.72600365,0 86.37915993,21.724329,0 86.37830925,21.72267723,0 86.37746239000001,21.72006798,0 86.37415123,21.71688652,0 86.37285423,21.7102375,0 86.37164226,21.71021305,0 86.36831856000001,21.71014595,0 86.36602066,21.71019122,0 86.36502647,21.7102108,0 86.36322212,21.70755196,0 86.3616581,21.70432854,0 86.35997582,21.70184517,0 86.35881233000001,21.69944572,0 86.35497475,21.69851112,0 86.35456657,21.69808769,0 86.35461483,21.69799068,0 86.35455066999999,21.69797504,0 86.35474545,21.69768671,0 86.3551485,21.6970901,0 86.35579491,21.69598198,0 86.35752296,21.69350243,0 86.35417366,21.68918037,0 86.35495949,21.68681526,0 86.35741234,21.68330574,0 86.35546303,21.68156242,0 86.35584068,21.67516899,0 86.35575676000001,21.67371178,0 86.35662651,21.67181206,0 86.35693295999999,21.67153878,0 86.3569645,21.67147376,0 86.35841956,21.67007582,0 86.35924152,21.66566899,0 86.35977668,21.66279965,0 86.35996056,21.66181374,0 86.3602886,21.66152104,0 86.36029782999999,21.66147376,0 86.36084016,21.66095283,0 86.36068268,21.65887808,0 86.36038501,21.65495633,0 86.3599164,21.64878184,0 86.35984612,21.64785576,0 86.36135047,21.64509026,0 86.36149788,21.64481926,0 86.36174964999999,21.64059258,0 86.36088531,21.63778892,0 86.36084175000001,21.63764763,0 86.35495949,21.6368618,0 86.35398667,21.63633301,0 86.34861565,21.63341331,0 86.34550667000001,21.63359642,0 86.34007072,21.63232994,0 86.33947705999999,21.62978026,0 86.33871268999999,21.62649727,0 86.33683968,21.62439919,0 86.33167458,21.62347984,0 86.33166453,21.62347084,0 86.33123589,21.62308693,0 86.33086797999999,21.62040789,0 86.33081627,21.62003136,0 86.3298448,21.6181959,0 86.32833290000001,21.61533928,0 86.32865326,21.61491567,0 86.32892043,21.61459425,0 86.32959938,21.61373329,0 86.329741,21.6136583,0 86.33007017,21.61328284,0 86.33386733,21.61132682,0 86.33511168,21.6106858,0 86.34152563000001,21.60912202,0 86.34255408999999,21.60320473,0 86.34237099000001,21.59852409,0 86.34275393,21.59850899,0 86.34274771,21.59815852,0 86.34316911000001,21.59814992,0 86.34456093,21.59812151,0 86.35079985,21.60461488,0 86.35098121999999,21.60480364,0 86.35438076,21.60487313,0 86.35505227,21.60488685,0 86.35790953,21.60395952,0 86.35807401,21.60378833,0 86.36029782999999,21.60147376,0 86.36086156,21.60093217,0 86.36210823,21.59699059,0 86.36237921,21.59686265,0 86.36245074999999,21.59664222,0 86.36577839,21.59502771,0 86.36595844,21.59494036,0 86.37057584999999,21.59050409,0 86.36663627999999,21.58685493,0 86.36583519,21.58515358,0 86.36394691,21.58241081,0 86.36411923999999,21.57808808,0 86.36417197999999,21.57676506,0 86.36166573,21.57444572,0 86.36198674000001,21.57404441,0 86.36229338,21.57369553,0 86.36246681,21.57348824,0 86.36256108000001,21.57340095,0 86.36279783000001,21.57314043,0 86.36401438999999,21.57197162,0 86.3641901,21.5718028,0 86.36654471999999,21.56681633,0 86.36680926,21.56669166,0 86.36690072,21.56650315,0 86.36691547,21.56647274,0 86.36720194,21.56633377,0 86.37018711,21.56488551,0 86.36993599,21.5585041,0 86.37007233999999,21.55503278,0 86.37007713,21.55491066,0 86.36663246000001,21.55268669,0 86.36665022,21.5522456,0 86.36672401,21.55041313,0 86.36487389,21.54566383,0 86.36069298,21.53996468,0 86.35835161999999,21.53779473,0 86.35824393999999,21.53769493,0 86.35557504000001,21.53157937,0 86.35399056,21.52794838,0 86.35425758,21.52124596,0 86.35330009,21.51851463,0 86.35339546,21.51612282,0 86.35255481999999,21.51521545,0 86.35089684,21.51342583,0 86.34844609,21.51115309,0 86.34748268,21.51025963,0 86.34666634,21.50598717,0 86.34413338,21.50268745,0 86.34128760999999,21.49827766,0 86.33916664,21.49598885,0 86.3383007,21.49518776,0 86.33794741,21.49370245,0 86.33721733,21.49063301,0 86.33333397,21.48765373,0 86.33111762999999,21.48660851,0 86.32593867,21.48235331,0 86.31943703,21.47701073,0 86.31856809999999,21.47620613,0 86.31660271,21.47438622,0 86.31540108,21.4730854,0 86.31549393,21.47261029,0 86.31568844,21.47161499,0 86.31674425999999,21.46929138,0 86.31709920999999,21.46892126,0 86.31830788000001,21.4676609,0 86.32229837,21.46668824,0 86.32380104000001,21.46632194,0 86.32499122999999,21.46517754,0 86.3250116,21.46511479,0 86.32531452000001,21.46482378,0 86.32651975,21.46110975,0 86.32690488999999,21.45992286,0 86.32799823000001,21.45780046,0 86.32529783,21.45649045,0 86.32366536000001,21.45312558,0 86.32308152,21.45192211,0 86.322607,21.45094398,0 86.32029513000001,21.44982252,0 86.32129332,21.44494687,0 86.32019733,21.44389401,0 86.32020579,21.44348006,0 86.32021696,21.44293348,0 86.32032326,21.4377321,0 86.32030777999999,21.43697464,0 86.3202919,21.43619846,0 86.32028095,21.4356626,0 86.32053909,21.43532242,0 86.32276892,21.43238387,0 86.32281451999999,21.43232378,0 86.32416707,21.42677557,0 86.32582665,21.42518043,0 86.32583819,21.42512129,0 86.3261476,21.42482402,0 86.32630669,21.42401015,0 86.32736151,21.41860672,0 86.32995796,21.41610908,0 86.32996545,21.41605787,0 86.33028115,21.41575456,0 86.33134499000001,21.40847429,0 86.32945941,21.40481381,0 86.33205718000001,21.40139035,0 86.33323952000001,21.39983212,0 86.3344523,21.39733223,0 86.3346387,21.39715304,0 86.33662987,21.39523888,0 86.33667074,21.39515474,0 86.33695148,21.39488502,0 86.33765343,21.39343808,0 86.34000969,21.39267158,0 86.34001632,21.39242047,0 86.34033181,21.39231808,0 86.34030264,21.39089379,0 86.34028908000001,21.3902321,0 86.34031492,21.38897417,0 86.33933617,21.38753042,0 86.33863117,21.38649044,0 86.33781451999999,21.3848071,0 86.33542396999999,21.38016639,0 86.335341,21.3761021,0 86.33527220000001,21.3727321,0 86.33528501000001,21.37210287,0 86.33533161,21.36981544,0 86.3352884,21.36769773,0 86.33525179,21.36590317,0 86.33830833,21.36432838,0 86.34249306,21.36268044,0 86.34255467,21.36242735,0 86.34281452,21.36232378,0 86.34361692,21.35903221,0 86.34416007999999,21.35851097,0 86.34420135000001,21.35842596,0 86.34434985,21.35828329,0 86.34448118,21.35815711,0 86.3448405,21.35741647,0 86.34544354000001,21.35617534,0 86.34552050000001,21.35601695,0 86.34610725,21.35600519,0 86.347261,21.35598207,0 86.34746361000001,21.35597801,0 86.3529911,21.35932732,0 86.35915946999999,21.35684395,0 86.35935895999999,21.35653964,0 86.35948118,21.35649044,0 86.36105076,21.3540964,0 86.36129271999999,21.35386408,0 86.36224556000001,21.35294914,0 86.36225729,21.35289194,0 86.36228844,21.35286202,0 86.36256874999999,21.35259274,0 86.36279931999999,21.35146702,0 86.36344276,21.34832543,0 86.36378741999999,21.34664263,0 86.36374748,21.34468653,0 86.36372914,21.34378841,0 86.36359699,21.33731544,0 86.3636727,21.33360332,0 86.36369374,21.33257193,0 86.36369607,21.33245765,0 86.36281452,21.33064043,0 86.36208240000001,21.32921929,0 86.3611516,21.32741245,0 86.36247444,21.32599449,0 86.36497688,21.32359505,0 86.36496191000001,21.32356274,0 86.36529736999999,21.32323894,0 86.36466827,21.32187812,0 86.36425800000001,21.32099159,0 86.36246035000001,21.31750191,0 86.36664390999999,21.31432915,0 86.37000847,21.31269646,0 86.3706892,21.31198782,0 86.37242698999999,21.31017876,0 86.37333875,21.31035502,0 86.37807069999999,21.31126969,0 86.37925529,21.31149864,0 86.38165855,21.31266212,0 86.38414192,21.31434441,0 86.39060019999999,21.31644249,0 86.39166068999999,21.3184948,0 86.39247704,21.3218441,0 86.39644291,21.3251254,0 86.39749336,21.32599449,0 86.39870786,21.32850143,0 86.39892005999999,21.32893944,0 86.40405846,21.33231163,0 86.40411202,21.33250128,0 86.4058094,21.33851051,0 86.40841484000001,21.3402195,0 86.40997505,21.34184456,0 86.41115093000001,21.34241517,0 86.41165733,21.3426609,0 86.41288566999999,21.34393883,0 86.41493779,21.3446049,0 86.41526709999999,21.34471178,0 86.4166584,21.34516335,0 86.41914177,21.34601402,0 86.42343208,21.34685087,0 86.42637825,21.34742546,0 86.42749214,21.34849739,0 86.42738002,21.35403635,0 86.42736724,21.35466771,0 86.42735863,21.355093,0 86.43053245999999,21.35672951,0 86.43330955,21.35767937,0 86.43801689,21.357584,0 86.44164085,21.35851097,0 86.44627570999999,21.35964012,0 86.44815701,21.36106743,0 86.45444679000001,21.365839,0 86.45749092,21.36682701,0 86.45832634,21.36769676,0 86.45839019,21.36769544,0 86.46403694,21.36757851,0 86.46499061999999,21.36849403,0 86.46621895,21.36977196,0 86.46915971999999,21.37259707,0 86.46990395,21.373312,0 86.47113991000001,21.37586403,0 86.4751606,21.376894,0 86.47867393,21.37682152,0 86.48082542,21.3809948,0 86.48125846000001,21.38277149,0 86.48164177,21.3843441,0 86.48249245,21.38683128,0 86.48241234,21.39084435,0 86.48575783,21.39432716,0 86.48916054,21.39267921,0 86.48969199,21.39240559,0 86.49249458,21.3909626,0 86.49489383,21.39100944,0 86.49581718,21.39102745,0 86.49831580999999,21.39097786,0 86.49865653000001,21.39098477,0 86.50245476000001,21.39106178,0 86.50272913000001,21.39070691,0 86.50277736,21.39070739,0 86.50561944,21.38687434,0 86.50665855,21.38766289,0 86.5082264,21.38929558,0 86.51314474,21.3853252,0 86.51836204,21.38111305,0 86.5278067,21.38569375,0 86.52815437,21.38586235,0 86.5308094,21.38841438,0 86.53060686000001,21.38905892,0 86.52999306,21.39101219,0 86.52853966000001,21.39383125,0 86.53151936,21.39485192,0 86.53323936,21.39544106,0 86.53337614,21.39502172,0 86.53347884999999,21.39505688,0 86.53356281000001,21.39508562,0 86.53487084,21.39105509,0 86.53492901,21.39087586,0 86.53496053000001,21.39077874,0 86.53832863,21.38962541,0 86.54114785,21.39147376,0 86.54479250999999,21.39453339,0 86.5461313,21.39565712,0 86.55616636000001,21.39663856,0 86.5589507,21.39776797,0 86.56215292,21.39906647,0 86.56251469999999,21.39921316,0 86.56304039,21.39870808,0 86.56601759,21.39584751,0 86.56659951,21.39528837,0 86.56749153,21.39267921,0 86.56910133,21.38772392,0 86.56956986,21.38703227,0 86.57135201,21.38440132,0 86.57069253,21.38118362,0 86.56980324,21.37684441,0 86.569901,21.37688753,0 86.56994142000001,21.37690536,0 86.57023826,21.3770363,0 86.57016851,21.37669291,0 86.57015765,21.37663942,0 86.57012742000001,21.37649057,0 86.57054897,21.37667628,0 86.57175576,21.3772079,0 86.57203788,21.37733226,0 86.57385669999999,21.37922524,0 86.57440326,21.37979407,0 86.57755107,21.38132127,0 86.58085427,21.38292375,0 86.58183876,21.38386964,0 86.58281452,21.3848071,0 86.58391352,21.38595102,0 86.58601787000001,21.38813966,0 86.58781451999999,21.38649045,0 86.58863117,21.38564043,0 86.58874615000001,21.38560312,0 86.59099451,21.38487355,0 86.59240619000001,21.38441545,0 86.59613218,21.38314002,0 86.59853733999999,21.38318928,0 86.60046196,21.38025475,0 86.60055204,21.38025287,0 86.60078387999999,21.37989926,0 86.60288534,21.37985699,0 86.60536596,21.37980707,0 86.60528278,21.38387611,0 86.6058099,21.38549956,0 86.60693772,21.38897297,0 86.60822284,21.38899919,0 86.61305337,21.38890052,0 86.61361372,21.38975519,0 86.61529783,21.39232378,0 86.61614785,21.39314043,0 86.61778115,21.39484046,0 86.61918858,21.39619263,0 86.61925924000001,21.39626052,0 86.62030414,21.39726437,0 86.62153376000001,21.40230686,0 86.62281452000001,21.40149045,0 86.62635469999999,21.39880418,0 86.62720736,21.39815716,0 86.62731345,21.3981753,0 86.62799327,21.39829156,0 86.63198118,21.39897376,0 86.63241626,21.40209039,0 86.63291808,21.40568486,0 86.63302407,21.40644406,0 86.63610004,21.40650672,0 86.63883586,21.40557041,0 86.6392029,21.40544479,0 86.63970722000001,21.40527218,0 86.64107374,21.40610091,0 86.6444645,21.40815711,0 86.64478173000001,21.40821904,0 86.64825445,21.40889696,0 86.6498716,21.40921261,0 86.65214604000001,21.4103161,0 86.65445028000001,21.41143478,0 86.65523563000001,21.41449896,0 86.65531492,21.41480832,0 86.65528095000001,21.41646562,0 86.65688693,21.41883475,0 86.65701455,21.41902303,0 86.65696409,21.42149004,0 86.65708696999999,21.42167129,0 86.65864784999999,21.42397376,0 86.65939379,21.42551137,0 86.6594645,21.42565711,0 86.65980611000001,21.42571273,0 86.6609718,21.4259025,0 86.66448118,21.42647376,0 86.66697311999999,21.42816262,0 86.66983152,21.42622494,0 86.67156437,21.42711769,0 86.67344257000001,21.42808529,0 86.67867959,21.42819211,0 86.68193276,21.42480608,0 86.68281390999999,21.42482419,0 86.6844645,21.42397376,0 86.68711363,21.42311418,0 86.69036192,21.4214408,0 86.69275046,21.42148951,0 86.69391012,21.42151314,0 86.69517291,21.42153887,0 86.69613271999999,21.42121037,0 86.69616723,21.42119851,0 86.69584847,21.42014122,0 86.69463263999999,21.41800148,0 86.69373512,21.41642189,0 86.69418535,21.41629267,0 86.69417223000001,21.41626959,0 86.69405654000001,21.41606609,0 86.69509178,21.41576978,0 86.69647670000001,21.41537338,0 86.69652017,21.41536094,0 86.69603827,21.41396388,0 86.69586372000001,21.41345787,0 86.69440052,21.41228597,0 86.69419670000001,21.41212273,0 86.6942095,21.4120019,0 86.69494438,21.40506172,0 86.69743919,21.40095711,0 86.69756676999999,21.4009207,0 86.69773455000001,21.40064448,0 86.69775998999999,21.40060259,0 86.69815841,21.40048869,0 86.69911625,21.40021486,0 86.70083717999999,21.39972287,0 86.70359332,21.39810259,0 86.70826774,21.39759009,0 86.71047324,21.39734823,0 86.71068046000001,21.39732551,0 86.71003150999999,21.39512443,0 86.70895575999999,21.39329338,0 86.71030998000001,21.39007378,0 86.71218681000001,21.38773155,0 86.7122428,21.38770797,0 86.71250954,21.38737484,0 86.71378162000001,21.38683894,0 86.71437738,21.38658796,0 86.71577263,21.3842907,0 86.71597765999999,21.38412639,0 86.71607197,21.38397108,0 86.71609332,21.38393592,0 86.71639558,21.38369392,0 86.71748590999999,21.38282093,0 86.71827125,21.38095665,0 86.71851687,21.38078406,0 86.71859332,21.38060259,0 86.7189849,21.38032739,0 86.7219322,21.37825597,0 86.72246742,21.37758827,0 86.72249286,21.37760301,0 86.72279053,21.37723304,0 86.72493405,21.37849226,0 86.72577095,21.37178993,0 86.72608043,21.37153906,0 86.72609332,21.37143592,0 86.72737637,21.37040858,0 86.72826958,21.36929131,0 86.72837821,21.36920458,0 86.72859332,21.36893592,0 86.7294151,21.36827814,0 86.72952452,21.3681414,0 86.73206902,21.36496162,0 86.73210482,21.36496564,0 86.73239092999999,21.36460832,0 86.73410468,21.36482143,0 86.73496258,21.36492759,0 86.73508644,21.36392021,0 86.7348156,21.36172295,0 86.73514741,21.36145707,0 86.7351367,21.36136878,0 86.73576077,21.36086903,0 86.73737525999999,21.35957909,0 86.73827171000001,21.35845756,0 86.73837853000001,21.35837364,0 86.73859596,21.3581028,0 86.73998462,21.35698869,0 86.74037444,21.35606365,0 86.74219322,21.35174751,0 86.74235725,21.3517704,0 86.74251747,21.35139656,0 86.74440193,21.35162926,0 86.7449398,21.35095787,0 86.74498558000001,21.35094643,0 86.74526023999999,21.3506031,0 86.74765587,21.34992027,0 86.74827003,21.34845924,0 86.74845696,21.34842873,0 86.74859428000001,21.34810448,0 86.75416756,21.34713554,0 86.75618935,21.34460259,0 86.75624657,21.3445797,0 86.75651360000001,21.34424782,0 86.76190758,21.34192085,0 86.76618766999999,21.34069633,0 86.76859474,21.33893776,0 86.76927651,21.33874297,0 86.77118492,21.33819771,0 86.77203901999999,21.33757353,0 86.77401924,21.33612633,0 86.77702141,21.33486366,0 86.77859306000001,21.33393669,0 86.78014564,21.33328438,0 86.78077125999999,21.33179283,0 86.78103065000001,21.33158684,0 86.78109550000001,21.33143806,0 86.78175926,21.33090401,0 86.78243827999999,21.32929039,0 86.78264809,21.32920265,0 86.78276253,21.32893562,0 86.7845284,21.32819116,0 86.78325081,21.32601357,0 86.78419685,21.32354927,0 86.78505898,21.31956673,0 86.78528403999999,21.31966209,0 86.78538322,21.31921196,0 86.78868675,21.32060432,0 86.79140282,21.32258797,0 86.7926693,21.31957436,0 86.79285211,21.31955151,0 86.79299355000001,21.31921959,0 86.79739189,21.31867409,0 86.80096516,21.31911599,0 86.80167985,21.31920487,0 86.8009034,21.31508265,0 86.80075644999999,21.31430244,0 86.80110057,21.31406584,0 86.80109499,21.31403623,0 86.8010807,21.31394768,0 86.80405617,21.31189918,0 86.80700493000001,21.3115139,0 86.80861092000001,21.31061745,0 86.81033897,21.30984688,0 86.81125036,21.30933694,0 86.81194192,21.30895118,0 86.81280492,21.30856604,0 86.81419563,21.30794716,0 86.81622124,21.30907631,0 86.81755638,21.3089695,0 86.81790352,21.3089428,0 86.8177166,21.30659676,0 86.81950951,21.30233574,0 86.81933022,21.30009651,0 86.82034874,21.2973156,0 86.82013864,21.29674392,0 86.81939178,21.29470978,0 86.82688331999999,21.28932762,0 86.82687568999999,21.28921318,0 86.82720756000001,21.28897667,0 86.82694054,21.28565025,0 86.82698481,21.28508214,0 86.82700998,21.28476892,0 86.83552764,21.28321555,0 86.83870125,21.28263664,0 86.83891106,21.28230476,0 86.83901253000001,21.282284,0 86.83987104000001,21.28092685,0 86.84100151,21.27912331,0 86.84261604,21.27773242,0 86.84325981000001,21.27717781,0 86.84591484000001,21.2760334,0 86.84578132999999,21.27770042,0 86.84751319999999,21.27847481,0 86.84956551000001,21.2796154,0 86.85040092,21.28058815,0 86.85169792000001,21.28021812,0 86.85427666,21.27833366,0 86.86086464,21.27929115,0 86.86433601,21.2806263,0 86.86660576,21.27929115,0 86.86873436,21.27892113,0 86.86873436,21.27862358,0 86.86905861,21.27856636,0 86.86905861,21.27808571,0 86.86956596,21.27808571,0 86.87052773000001,21.27857321,0 86.87141169,21.27692458,0 86.88329330000001,21.27686488,0 86.88857437,21.2790444,0 86.89896018,21.28002071,0 86.90561116000001,21.27874643,0 86.90590416000001,21.27862779,0 86.90927051,21.28543261,0 86.91185182,21.28892065,0 86.91398939,21.29275614,0 86.92345057,21.30697578,0 86.92841783,21.31647106,0 86.92975128,21.31986215,0 86.93022904999999,21.32006585,0 86.93122502,21.32274004,0 86.93556666000001,21.3310687,0 86.93770017999999,21.33433303,0 86.93941451000001,21.33831917,0 86.94030691,21.33985886,0 86.94734893,21.35200732,0 86.94798142,21.35243874,0 86.95148270999999,21.35775416,0 86.95416568,21.35976521,0 86.95552631,21.36094605,0 86.95739055999999,21.36449445,0 86.96090896,21.36704718,0 86.96681454,21.37335428,0 86.97171016999999,21.37673667,0 86.98192888,21.38487011,0 86.98572160000001,21.38812369,0 86.98657869,21.38879558,0 86.99600150000001,21.39463194,0 86.99671053,21.39507106,0 87.01409068,21.40376514,0 87.0227749,21.40877056,0 87.02858184,21.41210135,0 87.03524477000001,21.41592264,0 87.03792583000001,21.41784956,0 87.0410175,21.41926428,0 87.04153322000001,21.41970774,0 87.05264769,21.42870955,0 87.05500125,21.43177108,0 87.06256208000001,21.43815399,0 87.06473462,21.44021727,0 87.06475431,21.44067706,0 87.06537923,21.44076749,0 87.06782554,21.44563972,0 87.06843636000001,21.4546433,0 87.06867291,21.45647801,0 87.06927921,21.46118039,0 87.07015835999999,21.4620628,0 87.07356475,21.46234492,0 87.08136533,21.45949225,0 87.08213717,21.45943176,0 87.08835938999999,21.45894393,0 87.09133620999999,21.46039077,0 87.09716199,21.46501805,0 87.09730801000001,21.46522267,0 87.10394515,21.47452276,0 87.11266111,21.48360878,0 87.1200393,21.48826318,0 87.12066784,21.48865965,0 87.12167533,21.48953806,0 87.12726840000001,21.49391503,0 87.12859238,21.49481755,0 87.13492745000001,21.49834131,0 87.13920141,21.50100511,0 87.15024034,21.5078842,0 87.16078364000001,21.5124394,0 87.16551652,21.51426671,0 87.16956404,21.51580397,0 87.1867214,21.52233206,0 87.19028502,21.52365465,0 87.20068663000001,21.5282693,0 87.20466202999999,21.53045189,0 87.22306247,21.53523939,0 87.22354144000001,21.5349929,0 87.22509325999999,21.53526142,0 87.23795593,21.53748641,0 87.2407496,21.53768243,0 87.2473251,21.53814359,0 87.24883608,21.53830347,0 87.25300925000001,21.53833277,0 87.25444566,21.53803312,0 87.26731377,21.53925989,0 87.27546021000001,21.53819346,0 87.27744155000001,21.53849414,0 87.27969691,21.53883637,0 87.28153408999999,21.53865994,0 87.29419487,21.53978152,0 87.29657656000001,21.53920987,0 87.30507346,21.53949108,0 87.31990086,21.54103985,0 87.32205639,21.5404765,0 87.32615444,21.54030235,0 87.32879353,21.54010932,0 87.34526992000001,21.54074816,0 87.34942465,21.54123648,0 87.35468960999999,21.54052535,0 87.36143238,21.54114022,0 87.37107258,21.53904859,0 87.37150870000001,21.53812871,0 87.37388511,21.53755608,0 87.37939344999999,21.53503964,0 87.38093445,21.53441343,0 87.38771545,21.53220058,0 87.39337,21.53185832,0 87.39408895,21.53159261,0 87.39656415,21.53216902,0 87.39805489,21.53301735,0 87.39847485999999,21.53435601,0 87.39813909999999,21.53889982,0 87.39742656999999,21.53936801,0 87.39671885,21.53983366,0 87.39630407999999,21.54078025,0 87.39633480000001,21.54123953,0 87.39542831999999,21.54220107,0 87.39085741,21.54483328,0 87.39088811000001,21.54529257,0 87.38822905000001,21.54741381,0 87.38736295,21.54808617,0 87.38219651999999,21.55209666,0 87.38131915,21.55349211,0 87.38088292,21.55440977,0 87.37818328,21.55502138,0 87.37604322,21.55621378,0 87.37464919999999,21.55946852,0 87.37375359000001,21.56133253,0 87.37356065,21.56246172,0 87.37311196,21.56271872,0 87.36284577000001,21.56624417,0 87.36231927999999,21.56649125,0 87.35936544,21.56787742,0 87.358014,21.56774092,0 87.35702839,21.56758484,0 87.34634363000001,21.56873714,0 87.34583369000001,21.56889547,0 87.34372863999999,21.56954903,0 87.33845838000001,21.57239578,0 87.33848046,21.57632759,0 87.33903316,21.57673293,0 87.34074576,21.57798888,0 87.3458864,21.58024887,0 87.34727344,21.58045585,0 87.35716413,21.57635544,0 87.36335717999999,21.57538903,0 87.36510455,21.57509617,0 87.36774013,21.5752327,0 87.37384029,21.57554853,0 87.38022492,21.57299149,0 87.38334647000001,21.57238598,0 87.38447924,21.57289139,0 87.39036584999999,21.56889959,0 87.39335321,21.56603875,0 87.39405196,21.56532241,0 87.39402124999999,21.56486312,0 87.39475123,21.5646153,0 87.3951665,21.56323782,0 87.3962897,21.5618348,0 87.39840732,21.55673794,0 87.39879231,21.55491036,0 87.39927542,21.55465392,0 87.39974871,21.55439793,0 87.40277829,21.54791522,0 87.40853971999999,21.54508345,0 87.41007938,21.5448717,0 87.41253183000001,21.54564947,0 87.4130687,21.5465239,0 87.41508801000001,21.54800724,0 87.41557908999999,21.54798074,0 87.41659377000001,21.54885463,0 87.41750883,21.55198213,0 87.42202992,21.56070572,0 87.42679475,21.57049253,0 87.42745128999999,21.57184092,0 87.42860832,21.57270082,0 87.43125826000001,21.57487174,0 87.43226547,21.57560769,0 87.4322865,21.57606746,0 87.43301187,21.57626206,0 87.43304273,21.57672134,0 87.43344368,21.57745265,0 87.43442662,21.5774087,0 87.43748519,21.58018145,0 87.43763412,21.58063721,0 87.43985437000001,21.58209759,0 87.44756196,21.58716679,0 87.45747147,21.59144101,0 87.46080238,21.59343949,0 87.46873281000001,21.59790326,0 87.47439862,21.59988004,0 87.4853738,21.60136921,0 87.48829757999999,21.60260857,0 87.49020197999999,21.60264746,0 87.49796401,21.60386703,0 87.49896717999999,21.60408894,0 87.50061693000001,21.60420982,0 87.50155042,21.60427821,0 87.5029967,21.60406097,0 87.50878720999999,21.60449344,0 87.51668341,21.60564081,0 87.52117787,21.60615828,0 87.52809858000001,21.60678927,0 87.53416054,21.60756897,0 87.54388762000001,21.61004039,0 87.54753624999999,21.61068059,0 87.55060853000001,21.61121959,0 87.55809288,21.61401922,0 87.55879312,21.61471219,0 87.55931724,21.61667096,0 87.55994785,21.61902763,0 87.56020147,21.61912848,0 87.55840471,21.62494732,0 87.55492739,21.62856757,0 87.55198073,21.63490584,0 87.55138798999999,21.63460599,0 87.55134017,21.63460599,0 87.55117572,21.63475227,0 87.55123329,21.63475227,0 87.55068016,21.63586617,0 87.55040169,21.63725471,0 87.54992866000001,21.63761711,0 87.5490818,21.64262199,0 87.54956627,21.64558601,0 87.54496956,21.64518547,0 87.54332924000001,21.64431953,0 87.54174995,21.64438438,0 87.53831673000001,21.64348412,0 87.53162575,21.64582634,0 87.53170204,21.64766884,0 87.53162956,21.64943504,0 87.52654457,21.65098762,0 87.52215767,21.64625359,0 87.52043343,21.64811897,0 87.51913643,21.6493206,0 87.51761055,21.65096855,0 87.51724947,21.65113855,0 87.51558495,21.65192223,0 87.51260185,21.65514183,0 87.50742149,21.65092278,0 87.5049839,21.65102196,0 87.50356102000001,21.65096474,0 87.5045681,21.64808846,0 87.50245476000001,21.64847374,0 87.50001335,21.6502018,0 87.49661827,21.65097237,0 87.49497795000001,21.65188789,0 87.49135416999999,21.64905881,0 87.48498343999999,21.64957237,0 87.47708702,21.64893532,0 87.4744688,21.64858058,0 87.46751595000001,21.64763832,0 87.46078682,21.64686775,0 87.45834923,21.6459713,0 87.45245171000001,21.64520073,0 87.44834709,21.64430809,0 87.43995476000001,21.64353371,0 87.43751335,21.64264107,0 87.43461418,21.6417675,0 87.43331718,21.6418705,0 87.43253552,21.64180824,0 87.43098759999999,21.64420559,0 87.43092683,21.64424483,0 87.43084908,21.64436913,0 87.42788788,21.64622123,0 87.42515426999999,21.65087226,0 87.42505788,21.65096141,0 87.4250164,21.6510334,0 87.42446477,21.65150992,0 87.42428837999999,21.65167304,0 87.42316045,21.65406562,0 87.42515426999999,21.65500638,0 87.42834275,21.6572012,0 87.42850369999999,21.65754192,0 87.42929001,21.65920641,0 87.43262334000001,21.65907457,0 87.43424924,21.66082953,0 87.43430466,21.66088935,0 87.43435198,21.66083822,0 87.43436434,21.66082385,0 87.43495369,21.66013908,0 87.43526651000001,21.6598741,0 87.43691045,21.65837226,0 87.43991827000001,21.66161689,0 87.4419723,21.66250638,0 87.44352099,21.66083566,0 87.44493294,21.65919685,0 87.44498167,21.65925988,0 87.44511195,21.65911933,0 87.44916794,21.66427721,0 87.45181605000001,21.66417223,0 87.45607996,21.66517179,0 87.46495407,21.66725166,0 87.46799932,21.66564033,0 87.46867365999999,21.66706889,0 87.46930466000001,21.66840563,0 87.46975495,21.66838782,0 87.47097133,21.66833971,0 87.47180466,21.66837226,0 87.47575323,21.66821601,0 87.47806688999999,21.6694404,0 87.48024216,21.6705915,0 87.48456019,21.66907783,0 87.48598019000001,21.66754564,0 87.48678398,21.66661263,0 87.48684065,21.66661721,0 87.4868779,21.66657701,0 87.49117803,21.6667471,0 87.49357387000001,21.66933418,0 87.49832646999999,21.66914537,0 87.5059589,21.67047463,0 87.50706673000001,21.67058754,0 87.50601679,21.67328846,0 87.50511683000001,21.67585599,0 87.5059876,21.67833971,0 87.50664445,21.6819464,0 87.50678838,21.68273668,0 87.50660714,21.68272951,0 87.50663566999999,21.68288612,0 87.50034565999999,21.68263482,0 87.49932094,21.68587226,0 87.49917987000001,21.68597572,0 87.49916648999999,21.68601799,0 87.49435885,21.68954556,0 87.49765427,21.69167304,0 87.5011492,21.69407956,0 87.50247002,21.69265556,0 87.50253087999999,21.69260444,0 87.50262171999999,21.69250638,0 87.50357712,21.6917056,0 87.50512172000001,21.69337226,0 87.50852341,21.69497708,0 87.50842738,21.6973778,0 87.50880816999999,21.69956461,0 87.51090622,21.71161201,0 87.51182094000001,21.71334215,0 87.51174932000001,21.71516588,0 87.51159489,21.71531182,0 87.50971413000001,21.71705818,0 87.50632668,21.715868,0 87.50225783,21.71602778,0 87.50055629000001,21.72139961,0 87.50138799,21.72377265,0 87.50102504,21.72424303,0 87.50091261999999,21.72426675,0 87.50084053,21.72434433,0 87.50083351000001,21.72435188,0 87.50014652,21.72451612,0 87.49747253,21.72515535,0 87.49759824,21.726006,0 87.49839646,21.73140693,0 87.49794848000001,21.73214953,0 87.49660424,21.73437779,0 87.49659387,21.73439736,0 87.49650764,21.73456001,0 87.49647739,21.73458806,0 87.49634446,21.73480842,0 87.49632126,21.73484687,0 87.49558728,21.73541336,0 87.49497169,21.73598413,0 87.49499145,21.73611737,0 87.49520472,21.7375552,0 87.49508530999999,21.73775298,0 87.49422491,21.73917793,0 87.49432447,21.73943111,0 87.49464079000001,21.74023552,0 87.49574020999999,21.74303128,0 87.49570113999999,21.74329565,0 87.49493572999999,21.74847511,0 87.49479085999999,21.75211525,0 87.49739176,21.75317962,0 87.49810512000001,21.75347155,0 87.50009568,21.75317776,0 87.50091762,21.75424303,0 87.5019365,21.75502916,0 87.50161790999999,21.75521979,0 87.4988898,21.75697743,0 87.50021775,21.75917793,0 87.49925095,21.76163561,0 87.49852504,21.76424303,0 87.49835459000001,21.76429048,0 87.49833488,21.7643528,0 87.49326897,21.76595497,0 87.49230688,21.76699503,0 87.49105668999999,21.76861513,0 87.49086228,21.76886705,0 87.49103968999999,21.77006497,0 87.49083766,21.7702209,0 87.49083899999999,21.77025414,0 87.49079675,21.77025247,0 87.49055466,21.77043932,0 87.48939964,21.77019752,0 87.48831749,21.77015495,0 87.48732837,21.77019242,0 87.48347702,21.77433789,0 87.48333168000001,21.77448463,0 87.47823198,21.77428323,0 87.47756257,21.77500288,0 87.47704834,21.77555568,0 87.47673509000001,21.77589244,0 87.47588965,21.77680129,0 87.47574425000001,21.77694893,0 87.47211869,21.77680719,0 87.4709876,21.7792056,0 87.47083691,21.77934756,0 87.47011718,21.780016,0 87.46932094,21.78170559,0 87.46922334999999,21.78173647,0 87.46916770999999,21.78185463,0 87.46657205,21.78267451,0 87.46515427,21.78420559,0 87.46508367,21.7842611,0 87.46499824999999,21.78435326,0 87.46023369,21.78809929,0 87.45819840999999,21.78494667,0 87.45672841,21.78722441,0 87.45633840000001,21.78782873,0 87.4559876,21.78837226,0 87.45583325,21.78851624,0 87.45538619,21.78893111,0 87.45468169,21.78958488,0 87.45445263000001,21.78979744,0 87.45425274,21.78998293,0 87.45431082,21.79144476,0 87.45435186,21.79247789,0 87.45402349,21.79309928,0 87.45400480000001,21.79313463,0 87.45357844,21.79394144,0 87.4534225,21.79423652,0 87.45334866,21.79423361,0 87.45326805000001,21.79438591,0 87.45319741,21.79438308,0 87.45231722,21.79434784,0 87.45004487,21.79425683,0 87.4496987,21.79463081,0 87.44932094000001,21.79503893,0 87.4492056,21.79514559,0 87.44916725,21.795187,0 87.44846832,21.79583436,0 87.44839021999999,21.79590671,0 87.44848760000001,21.79835599,0 87.44844369,21.79946072,0 87.44834437,21.8019595,0 87.44819079,21.8021043,0 87.44585385000001,21.80427229,0 87.44505519000001,21.8050132,0 87.44505564000001,21.80502466,0 87.44514131,21.80719803,0 87.44518519,21.80831123,0 87.44474652,21.80914071,0 87.44440919,21.80977858,0 87.44430115,21.80998287,0 87.44423793,21.81010241,0 87.44416611,21.81009956,0 87.44408607,21.81025124,0 87.44179583,21.81015834,0 87.44164085,21.81015205,0 87.4383297,21.81102181,0 87.43737221000001,21.81098366,0 87.43582343999999,21.80930901,0 87.43525726999999,21.80960907,0 87.43475357,21.80987602,0 87.43398531,21.81028318,0 87.43393500000001,21.81049444,0 87.43391501000001,21.8105784,0 87.43353973000001,21.81215424,0 87.43320525,21.81355872,0 87.43265427,21.81587226,0 87.43176586,21.81716264,0 87.43166101,21.81731493,0 87.43118133999999,21.81801161,0 87.43084931999999,21.81849384,0 87.43010544000001,21.81957425,0 87.42947133,21.82055637,0 87.42923032,21.82092964,0 87.42907722,21.82116676,0 87.42892437,21.82140348,0 87.42765264000001,21.82337308,0 87.42761160000001,21.82337146,0 87.42759768000001,21.82337091,0 87.42749977,21.82352257,0 87.42664909,21.82348824,0 87.42592809,21.82351633,0 87.4259876,21.82502265,0 87.42593552,21.82634915,0 87.4293176,21.82794538,0 87.43043422,21.82847236,0 87.43123722999999,21.82949109,0 87.43148917000001,21.82981071,0 87.43178838,21.8301903,0 87.43153746,21.83066475,0 87.43008917,21.83340319,0 87.43001363,21.83340021,0 87.42993355,21.83355141,0 87.42835977,21.8334889,0 87.42764917,21.83458888,0 87.42738980999999,21.83499036,0 87.42675909,21.83596666,0 87.42680378,21.83709102,0 87.42682094,21.83752265,0 87.42675583,21.83917467,0 87.42765427,21.84000638,0 87.42845505,21.84146552,0 87.4282535,21.84152572,0 87.42830085999999,21.84161186,0 87.42777296,21.84176972,0 87.42518126,21.84254467,0 87.42481804000001,21.84265327,0 87.42387755999999,21.84215612,0 87.42338769,21.84189717,0 87.42109763000001,21.84068656,0 87.42070764,21.84110781,0 87.42009242,21.84177233,0 87.42011494,21.84234134,0 87.42013909000001,21.8429514,0 87.42014734999999,21.84315991,0 87.42023565,21.84539049,0 87.41934913,21.84647985,0 87.41926012,21.84658922,0 87.41726318000001,21.84904297,0 87.41707349000001,21.84927605,0 87.41679547,21.84961767,0 87.41517716,21.85160607,0 87.4151523,21.85163661,0 87.41466762,21.85223212,0 87.41455328000001,21.85233313,0 87.41451454,21.85238075,0 87.41442099,21.85246342,0 87.41432518000001,21.85254809,0 87.41343818999999,21.85333191,0 87.41265147999999,21.85402711,0 87.41245538,21.85420039,0 87.41231728,21.85432243,0 87.41221523,21.8542122,0 87.41175533000001,21.8537154,0 87.41148903,21.85342773,0 87.41081976,21.85270475,0 87.41003665,21.85185878,0 87.40994071999999,21.85175514,0 87.40665245,21.85188866,0 87.40510082,21.85182532,0 87.40432094000001,21.85753893,0 87.40417044,21.8576493,0 87.40416526999999,21.857687,0 87.4038714,21.85790278,0 87.40323201,21.85837226,0 87.40267437999999,21.85878171,0 87.4005909,21.86031151,0 87.39623451,21.86013603,0 87.39542575999999,21.86016875,0 87.39476381999999,21.86019552,0 87.39508094,21.86079462,0 87.3955041,21.86159404,0 87.3955062,21.86159799,0 87.39592727,21.86239345,0 87.39648936,21.86345528,0 87.39677362,21.86399227,0 87.3971968,21.86479168,0 87.39728805999999,21.86496406,0 87.39700472,21.86486478,0 87.39713478,21.8651104,0 87.39634424,21.86483349,0 87.3947788,21.86428515,0 87.39429035000001,21.86411405,0 87.39298621,21.86365721,0 87.39248465999999,21.86348152,0 87.39210516999999,21.86361438,0 87.39006025,21.86433025,0 87.39007045,21.86458632,0 87.39009252,21.86513999,0 87.39015775,21.86677713,0 87.39023727999999,21.86877265,0 87.39007848999999,21.86884759,0 87.39008140999999,21.86892128,0 87.38738893,21.8701921,0 87.38592575,21.87177233,0 87.38598760000001,21.87336982,0 87.38499476,21.87524726,0 87.38484223,21.87539064,0 87.38340855,21.87672328,0 87.38261545,21.87757117,0 87.38247108,21.87771797,0 87.3799839,21.8776226,0 87.3781496,21.87769432,0 87.37599645,21.88003533,0 87.37432094,21.88185696,0 87.3759876,21.88500638,0 87.37678837999999,21.88753893,0 87.37765426999999,21.88833971,0 87.37928838000001,21.8901903,0 87.37785359999999,21.89290154,0 87.37762171999999,21.89333971,0 87.37651983000001,21.89567695,0 87.37786586,21.90081855,0 87.37769672,21.90089837,0 87.37771416,21.90096474,0 87.37246586000001,21.90344279,0 87.37218659,21.90374413,0 87.37155068,21.90443033,0 87.37030564,21.90577379,0 87.37026424,21.90580052,0 87.37015343,21.90592003,0 87.36951019,21.90633544,0 87.36903798,21.90664039,0 87.36813623,21.90722273,0 87.36766480999999,21.90752716,0 87.3673416,21.90773588,0 87.36677724,21.90810033,0 87.36677759,21.90810926,0 87.3668102,21.90892785,0 87.36683721,21.90960599,0 87.36679918,21.91056874,0 87.36673793,21.91211901,0 87.3667076,21.91210295,0 87.36659179,21.91204166,0 87.36658477,21.91221956,0 87.36658287,21.91226768,0 87.36649978,21.91222371,0 87.36581511,21.91186137,0 87.36508091,21.91147282,0 87.36490929,21.91138199,0 87.36416817,21.91098976,0 87.36357814,21.910726,0 87.36253111000001,21.91025794,0 87.36255163,21.91077611,0 87.36268681999999,21.91418932,0 87.36259301,21.9165551,0 87.36256801,21.91718574,0 87.36241652,21.91725723,0 87.36241341,21.9173336,0 87.36003207,21.91845677,0 87.35850893999999,21.91917512,0 87.358412,21.91922084,0 87.35832232999999,21.91931765,0 87.35725388,21.92047106,0 87.35712636,21.92058906,0 87.35709953,21.92061806,0 87.35592053000001,21.92171037,0 87.35587063,21.92176432,0 87.35582513,21.92181352,0 87.35515427,21.92253893,0 87.35512393,21.92255322,0 87.35500145,21.92268562,0 87.35330009,21.92348671,0 87.35190126000001,21.92422852,0 87.35169494,21.92433793,0 87.35173119,21.92524681,0 87.35182256,21.9275373,0 87.35175409999999,21.92760197,0 87.3516673,21.92768396,0 87.35163713999999,21.92771193,0 87.35091851999999,21.92837857,0 87.34917618,21.92999484,0 87.34948128000001,21.9302775,0 87.3509876,21.93167304,0 87.35104106,21.93184187,0 87.35112768,21.93211544,0 87.35180831,21.93426503,0 87.35198532,21.93482408,0 87.35072535,21.93646744,0 87.34982445,21.93764242,0 87.34968873,21.93781943,0 87.34917118,21.93849442,0 87.34891729,21.93882555,0 87.34888669999999,21.93881483,0 87.34886677,21.93884084,0 87.34876441999999,21.93897438,0 87.34439306,21.93744379,0 87.34356633,21.9371543,0 87.34350807,21.93733856,0 87.34331174,21.93795953,0 87.34276106,21.93970118,0 87.34265427,21.94003893,0 87.34250213999999,21.94018287,0 87.34218808,21.94047476,0 87.34174546,21.94088612,0 87.34110760999999,21.94157583,0 87.34098760000001,21.94170559,0 87.34095885000001,21.94171916,0 87.34083366,21.94185448,0 87.34006123,21.9422186,0 87.33854604,21.94293283,0 87.33812107,21.94313315,0 87.33768946000001,21.9433366,0 87.33758884,21.94338402,0 87.33761251,21.94397806,0 87.33764513,21.94479666,0 87.33778285,21.94825263,0 87.33762921,21.94839773,0 87.3370616,21.94892595,0 87.33678703,21.94918147,0 87.33681008000001,21.94975836,0 87.33690231,21.95206585,0 87.33694789,21.95320625,0 87.33577987,21.95472956,0 87.33569463000001,21.95484072,0 87.33512662,21.9555815,0 87.33416794,21.95683173,0 87.33327391,21.95872539,0 87.33185186,21.96173733,0 87.33174318,21.9617886,0 87.33169746,21.96188545,0 87.32875804,21.9632726,0 87.32842682,21.9634289,0 87.3282858,21.96387442,0 87.32757153999999,21.96613094,0 87.32736130000001,21.96679511,0 87.32865466,21.97048322,0 87.32898401999999,21.97142239,0 87.32986712,21.97224081,0 87.33051722,21.97284329,0 87.32980077000001,21.97388442,0 87.32972961999999,21.97398781,0 87.32921682999999,21.97473297,0 87.32891625000001,21.97516974,0 87.32863287000001,21.97558152,0 87.32810286,21.97635168,0 87.32780889,21.97677884,0 87.3277571,21.97677678,0 87.32765388999999,21.9769268,0 87.32549206,21.9768407,0 87.32497214999999,21.97681999,0 87.32462188,21.97700524,0 87.32219505,21.97828865,0 87.32111077,21.97711909,0 87.32079821000001,21.97678195,0 87.32049751,21.9764576,0 87.31996792,21.97682222,0 87.31935887,21.97724155,0 87.31507301000001,21.98019218,0 87.31414986,21.98015404,0 87.30803326,21.98039748,0 87.30775783999999,21.98069467,0 87.30726931,21.9812218,0 87.30682093999999,21.9817056,0 87.30674693,21.98176385,0 87.30666542,21.98185158,0 87.30594531,21.9824228,0 87.30565070999999,21.98265648,0 87.30527072,21.98245545,0 87.30287036,21.98118552,0 87.30249977,21.98098946,0 87.30219676,21.98096383,0 87.29755993000001,21.9805716,0 87.29602789,21.98044198,0 87.29309041,21.9801934,0 87.29270126,21.98142294,0 87.29238623000001,21.98241831,0 87.29222133,21.98293932,0 87.29213102999999,21.98288401,0 87.29206657,21.98308754,0 87.29152557,21.98275553,0 87.29083735,21.98233317,0 87.29061514999999,21.98219681,0 87.28959842,21.98157283,0 87.28946071,21.98148831,0 87.28937203,21.98158377,0 87.28885332999999,21.98214202,0 87.28755656,21.98353767,0 87.28622836,21.98496712,0 87.28617771,21.98501873,0 87.28608131,21.98511696,0 87.28595417,21.98502952,0 87.28245354000001,21.98262215,0 87.28081702999999,21.982687,0 87.27956580999999,21.9826374,0 87.27748299,21.98272133,0 87.27744949,21.98265027,0 87.27722308,21.98217003,0 87.27635002,21.98031807,0 87.27131158,21.97872358,0 87.26932094,21.98087226,0 87.26920139000001,21.98098282,0 87.26916695,21.98101997,0 87.26853195,21.98160742,0 87.26845044,21.98168282,0 87.26765426999999,21.98337226,0 87.26754457,21.983424,0 87.26749992000001,21.9835186,0 87.26562125,21.98440758,0 87.26617232,21.98544815,0 87.26683396,21.98669746,0 87.26669678,21.98677807,0 87.26665678000001,21.98680158,0 87.26667976,21.98684502,0 87.26262233,21.98923023,0 87.26265427,21.99003405,0 87.26237869000001,21.99108678,0 87.26213806,21.992006,0 87.26175909,21.99345364,0 87.26176396,21.9935769,0 87.26182866000001,21.99521414,0 87.2619072,21.9972012,0 87.26243933000001,21.9974522,0 87.26432094,21.99833971,0 87.26438192000001,21.99837201,0 87.26605108,21.99925605,0 87.26595342,22.00170397,0 87.26695277,22.00262926,0 87.2665757,22.00324487,0 87.26505896,22.00572107,0 87.26468928,22.00632459,0 87.26402364,22.00741126,0 87.26388261,22.00764149,0 87.26350596,22.00825635,0 87.2634225,22.00839261,0 87.26348265999999,22.00989785,0 87.2635348,22.01120266,0 87.26408939,22.01137828,0 87.2644478,22.01149178,0 87.26498466,22.01166178,0 87.26669626,22.01220375,0 87.26767048000001,22.01251222,0 87.27165655,22.01377428,0 87.27129643000001,22.014455,0 87.27012172000001,22.01667548,0 87.27013264999999,22.01695943,0 87.27016403,22.01777412,0 87.27722133,22.01710599,0 87.27762172,22.01753893,0 87.27762477,22.01754175,0 87.27895472,22.01877265,0 87.27886321,22.01885744,0 87.27894019999999,22.01891899,0 87.27788095,22.01976747,0 87.27608133,22.02143481,0 87.27590007000001,22.02160274,0 87.27524465,22.02220997,0 87.27496619999999,22.02246794,0 87.27440796,22.02298512,0 87.27403232,22.02333313,0 87.27364222,22.02369453,0 87.27357691,22.02386228,0 87.27345271999999,22.02418125,0 87.27318078,22.02487969,0 87.27280684,22.0258401,0 87.27280182,22.02585299,0 87.27180791000001,22.02840563,0 87.27175326,22.02840346,0 87.27165794,22.02866173,0 87.26858516,22.02827763,0 87.26766892000001,22.02824124,0 87.26766250999999,22.02825482,0 87.26711827,22.02940744,0 87.26672979,22.03023017,0 87.26682809,22.03270219,0 87.26688464999999,22.03412435,0 87.26722144999999,22.03682899,0 87.26697329,22.03725093,0 87.26588433000001,22.03930918,0 87.26565896,22.03973515,0 87.26560674,22.03983385,0 87.26543832,22.03986067,0 87.26532555,22.04005241,0 87.2595646,22.04089184,0 87.25869186,22.04101899,0 87.25585906000001,22.04143166,0 87.25519456000001,22.04152845,0 87.25363797999999,22.04320835,0 87.25354093,22.0433294,0 87.25310125,22.04387776,0 87.25325214999999,22.04401749,0 87.25409423000001,22.04479724,0 87.25433244,22.04501781,0 87.25435349,22.0450373,0 87.25429869,22.04642781,0 87.25428838000001,22.04668932,0 87.25431020000001,22.04724745,0 87.25435512,22.04839668,0 87.25430393000001,22.04849342,0 87.25431632999999,22.04859352,0 87.25413849,22.0488961,0 87.25387354,22.04934689,0 87.25366086,22.04970873,0 87.25319899,22.05058162,0 87.25307491,22.05081612,0 87.25275368,22.05142321,0 87.25227828,22.05232165,0 87.25186304,22.05310638,0 87.2517835,22.0532567,0 87.25181015,22.05392912,0 87.25185349,22.05502265,0 87.25180007,22.0563902,0 87.25178837999999,22.05668932,0 87.25180872,22.05720998,0 87.25182094,22.05752265,0 87.25180086,22.05803056,0 87.2517646,22.05894778,0 87.2517363,22.05966377,0 87.2518032,22.05964623,0 87.25440519,22.05896434,0 87.25527251,22.05873703,0 87.25850551000001,22.05788968,0 87.25848091,22.05852983,0 87.25845504999999,22.05920315,0 87.25855367,22.05934654,0 87.25964589,22.06093445,0 87.25980645,22.06116787,0 87.26019201,22.0617284,0 87.26021775,22.06176582,0 87.2602124,22.06204075,0 87.26020140999999,22.06217798,0 87.26012172,22.06418932,0 87.26012184,22.06419238,0 87.26015427,22.06501103,0 87.26015915000001,22.06513414,0 87.26094619,22.06586355,0 87.26171536,22.06657639,0 87.2618737,22.06672313,0 87.26202601,22.06686429,0 87.26302145,22.06733379,0 87.26458826,22.06807276,0 87.26459955999999,22.06807809,0 87.26515427,22.06833971,0 87.26577197,22.07355819,0 87.26595505,22.07510485,0 87.2658574,22.07510096,0 87.26573722000001,22.07509618,0 87.26576989,22.07540368,0 87.26577186999999,22.07542229,0 87.26566326,22.07540881,0 87.26410373,22.0752153,0 87.26321763999999,22.07510534,0 87.26280911000001,22.07505464,0 87.26269076,22.07555178,0 87.26242430000001,22.07667109,0 87.26190068,22.07887061,0 87.26182094000001,22.07920559,0 87.26172619,22.07925025,0 87.26169777,22.07938194,0 87.26169441,22.07938337,0 87.26084788999999,22.07974144,0 87.2601145,22.08005165,0 87.26000823,22.08071861,0 87.2596815,22.08276916,0 87.25965121999999,22.08307981,0 87.25957088,22.08390388,0 87.25956917000001,22.08392143,0 87.25942607,22.0843722,0 87.25935502,22.08481813,0 87.25902471000001,22.08689114,0 87.25855627,22.08711225,0 87.25852776000001,22.08720207,0 87.25845031999999,22.08723859,0 87.25774713,22.08757017,0 87.2565135,22.08815186,0 87.25529598999999,22.08872593,0 87.25518637,22.08900741,0 87.25484955,22.08987222,0 87.25441569,22.09098617,0 87.25419846,22.09154391,0 87.25364499,22.09296493,0 87.25322180000001,22.09405146,0 87.25307745000001,22.09442207,0 87.25432456,22.09645914,0 87.25475744000001,22.0971662,0 87.25530019999999,22.09805272,0 87.255725,22.09874656,0 87.25578802,22.09884951,0 87.2559876,22.09917548,0 87.25596879,22.09966104,0 87.2559225,22.10085599,0 87.25597193,22.10212154,0 87.2559876,22.10252265,0 87.25595505,22.10336901,0 87.25596494,22.10339721,0 87.25637353,22.10456291,0 87.25693901,22.10617618,0 87.25703061999999,22.10643752,0 87.25773076999999,22.10843492,0 87.26097946,22.10830634,0 87.26100825,22.10844131,0 87.26172988,22.11182439,0 87.26178838,22.11209866,0 87.26174634,22.11212175,0 87.26162453000001,22.11218863,0 87.26163673000001,22.11224556,0 87.26110454000001,22.1125378,0 87.26004119,22.11312169,0 87.25291921,22.1170321,0 87.25281334,22.11709023,0 87.2527412,22.11704065,0 87.25231955,22.11675085,0 87.25162570000001,22.11627397,0 87.25140451,22.11612195,0 87.25051021,22.11550729,0 87.25048947000001,22.11549304,0 87.24939473000001,22.1147406,0 87.2491169,22.11454964,0 87.24866965,22.11442021,0 87.24729118,22.11402131,0 87.24559357,22.11353003,0 87.24515823999999,22.11412361,0 87.24513405,22.1141566,0 87.24453475999999,22.11497373,0 87.24431543,22.11527278,0 87.24391127,22.11582385,0 87.24349681,22.11638895,0 87.2425143,22.11772854,0 87.24247656,22.11771866,0 87.24236107,22.11787605,0 87.24181039,22.11773162,0 87.24127329,22.11759075,0 87.23913075999999,22.11702878,0 87.23862927,22.11689724,0 87.23770714,22.11665535,0 87.23452503999999,22.11884738,0 87.23415726,22.12039231,0 87.23405769,22.12081059,0 87.2333672,22.12371101,0 87.23334296,22.12381285,0 87.23297216,22.12537036,0 87.23265427,22.1267056,0 87.23262373999999,22.12673424,0 87.23250063,22.12684971,0 87.23136216,22.12790809,0 87.23104348,22.12820434,0 87.23095193,22.12834614,0 87.23068424,22.12876075,0 87.22932972,22.13085866,0 87.22932093999999,22.13087226,0 87.22902585,22.13130077,0 87.22851464,22.13204311,0 87.22785766,22.1329971,0 87.2276995,22.13322677,0 87.22762172,22.13333971,0 87.22750406999999,22.13383423,0 87.2269751,22.1360576,0 87.22682094,22.13670559,0 87.22666841,22.13684995,0 87.2263227,22.13717162,0 87.22589024,22.137574,0 87.2259876,22.14002265,0 87.22595017,22.14096748,0 87.22579779,22.14111188,0 87.22426424,22.14253469,0 87.22261707,22.14406286,0 87.22265427000001,22.14502265,0 87.22257777,22.14693916,0 87.22199510999999,22.14804142,0 87.22155029,22.1488829,0 87.22152152,22.14893732,0 87.22110546,22.14972438,0 87.22092413,22.15006741,0 87.22097579,22.15137103,0 87.22105271,22.15331204,0 87.22089947000001,22.15345681,0 87.22046861,22.15385594,0 87.22005258,22.15424134,0 87.21953503,22.15472077,0 87.21938271,22.15486188,0 87.21922008999999,22.15511375,0 87.21765427,22.15753893,0 87.21755391000001,22.15760371,0 87.21750068999999,22.15768623,0 87.21681051,22.15813181,0 87.21674686999999,22.1581729,0 87.21543852000001,22.15901755,0 87.2150462,22.15927083,0 87.21382249,22.16006081,0 87.21349728,22.16075067,0 87.21338016999999,22.1609991,0 87.21265427,22.16253893,0 87.21182222,22.16411152,0 87.21179324000001,22.1641663,0 87.21178838,22.16417548,0 87.21183721,22.16543932,0 87.21179227,22.16657364,0 87.2117403,22.16788523,0 87.21172165,22.16835599,0 87.21181466,22.17067371,0 87.21182256,22.17087063,0 87.21166792,22.17101623,0 87.21111854999999,22.17152716,0 87.21077412,22.17184749,0 87.21112014000001,22.17316754,0 87.21148406,22.17455587,0 87.21175719999999,22.17559784,0 87.21235479000001,22.17787747,0 87.21220129,22.17802323,0 87.21125485,22.17890273,0 87.21089987000001,22.1792326,0 87.21086280999999,22.17927259,0 87.20809208999999,22.18226305,0 87.20840090999999,22.18254908,0 87.21015427,22.18417304,0 87.21114548,22.18524401,0 87.21200678,22.18706919,0 87.21219422999999,22.18746641,0 87.21262172,22.18837226,0 87.21441045,22.19175198,0 87.21413702,22.19667304,0 87.21399597,22.19659843,0 87.21398354,22.19682121,0 87.21113398,22.1953132,0 87.21063341,22.19504828,0 87.21044105,22.19534625,0 87.21002115,22.19599672,0 87.20934841,22.19703884,0 87.2092095,22.19725403,0 87.2084876,22.19837226,0 87.20765571,22.19958027,0 87.20758170000001,22.19968775,0 87.20707167,22.20042836,0 87.20678838000001,22.20083971,0 87.20676611,22.20087423,0 87.20582202999999,22.20233697,0 87.20509079,22.20346992,0 87.20503291999999,22.20346762,0 87.20493507,22.203619,0 87.20250738,22.20352078,0 87.20165360999999,22.20348623,0 87.20162627000001,22.20351576,0 87.2009876,22.20420559,0 87.20085957000001,22.20432408,0 87.20083427,22.20435143,0 87.20029519000001,22.20485246,0 87.19995535,22.20516831,0 87.19963236,22.2054685,0 87.19940217,22.20571523,0 87.19912108,22.20601652,0 87.19847772999999,22.20670608,0 87.19833183,22.20685387,0 87.1982861,22.20685205,0 87.19602394,22.20676231,0 87.19564406000001,22.2068621,0 87.19173727,22.20788825,0 87.19176268,22.20853956,0 87.19182094,22.21003323,0 87.19179052,22.21017871,0 87.19161729,22.21100718,0 87.19149836,22.21157599,0 87.19092435,22.2143211,0 87.19080054,22.21491323,0 87.19069138,22.21543525,0 87.19053904,22.21557886,0 87.18816566,22.21778297,0 87.18342032,22.21928287,0 87.18331876000001,22.21960407,0 87.18315733999999,22.22011458,0 87.18265427,22.22170559,0 87.18253108,22.22175765,0 87.18250084,22.22185326,0 87.18183418,22.22213531,0 87.18065258999999,22.22263523,0 87.17965029,22.22305927,0 87.17863274,22.22348976,0 87.17811369,22.22313223,0 87.1771184,22.22244665,0 87.1769997,22.22236488,0 87.17620291999999,22.22181602,0 87.17588572,22.22159752,0 87.17528743,22.22118538,0 87.17490578,22.22092247,0 87.17263518,22.22101367,0 87.17006111000001,22.22111702,0 87.16999610000001,22.22108265,0 87.16995106,22.22105883,0 87.16727456,22.21964368,0 87.16710375,22.21955337,0 87.16641045,22.21918678,0 87.16642706,22.21876521,0 87.16645946,22.21794344,0 87.16665381999999,22.21301284,0 87.16670035999999,22.21183205,0 87.16543109,22.21143034,0 87.16416083999999,22.2110283,0 87.16413307000001,22.21101952,0 87.1625576,22.20931816,0 87.16230615000001,22.20932758,0 87.16155954,22.20935554,0 87.16095871,22.21000178,0 87.16060219000001,22.21038525,0 87.15919445999999,22.21189933,0 87.15904808000001,22.21204948,0 87.15803596000001,22.2117843,0 87.15802415,22.21178121,0 87.15500068999999,22.210989,0 87.15090286,22.2102074,0 87.15080071,22.21018791,0 87.14916801,22.20932198,0 87.14806178000001,22.20897167,0 87.14640249,22.2084462,0 87.14580814999999,22.20825798,0 87.14489174000001,22.20796776,0 87.14437182,22.20832587,0 87.14436443,22.20833096,0 87.14377573,22.20873644,0 87.14309324,22.2092065,0 87.14292673,22.20932119,0 87.14166831999999,22.21018791,0 87.13999613999999,22.21097526,0 87.13997870999999,22.21099407,0 87.13952129,22.21148784,0 87.13717087000001,22.21402493,0 87.13669378,22.21525028,0 87.13626287,22.21635703,0 87.13571777,22.21775702,0 87.13549001,22.21834194,0 87.13474171,22.22026375,0 87.13471714000001,22.22032686,0 87.13460902,22.22060452,0 87.13445573,22.22074823,0 87.13312781,22.22198035,0 87.13304922,22.22205327,0 87.13249700999999,22.22256562,0 87.13224422,22.22284226,0 87.13138162,22.22378621,0 87.1306776,22.2245566,0 87.13055016,22.22469605,0 87.13015427000001,22.22512926,0 87.13059598,22.22553841,0 87.13182094,22.22667304,0 87.13188923,22.22696012,0 87.13259724,22.22993603,0 87.13262172,22.23003893,0 87.1351634,22.2341877,0 87.13521775,22.2342764,0 87.13512281,22.2366503,0 87.13507126,22.23793932,0 87.13515156,22.23992986,0 87.1351559,22.2400373,0 87.13500012999999,22.24018413,0 87.13491492,22.24026326,0 87.13435,22.24078791,0 87.13408244999999,22.24103639,0 87.13381403,22.24128567,0 87.13347494999999,22.24164942,0 87.13324799999999,22.2418929,0 87.13252626000001,22.24266714,0 87.13237952999999,22.24281502,0 87.12830769999999,22.2426532,0 87.12826767,22.24271521,0 87.12802657,22.24308868,0 87.12662921,22.24525312,0 87.12640129,22.24560615,0 87.12462855,22.24835192,0 87.12482484,22.24902271,0 87.1254186,22.25105178,0 87.12590707,22.25272099,0 87.12612889,22.25347901,0 87.12682094,22.25584378,0 87.12682062,22.25585206,0 87.12678837999999,22.25668932,0 87.12678993,22.25672879,0 87.12682094,22.25752265,0 87.12681994,22.25754761,0 87.126811,22.25777248,0 87.12678726999999,22.25836938,0 87.12672327999999,22.25997871,0 87.12760231999999,22.26079168,0 87.12771936999999,22.26089993,0 87.12762492,22.26325132,0 87.12762008999999,22.26337145,0 87.12863115,22.26402413,0 87.1291849,22.26438159,0 87.12981533,22.26478855,0 87.13009821,22.26497115,0 87.13018682000001,22.26502835,0 87.13015085000001,22.2659385,0 87.13013205,22.26641409,0 87.12983362999999,22.27396308,0 87.12970944,22.2740217,0 87.12968175,22.27403476,0 87.12967872999999,22.27411079,0 87.12843792,22.27469633,0 87.12713567999999,22.27531084,0 87.12650686000001,22.27560757,0 87.12591064,22.27588891,0 87.12543257,22.2764047,0 87.12435186,22.27757067,0 87.12423199,22.27768174,0 87.12419701,22.2777195,0 87.1227439,22.27906577,0 87.12208516,22.27967607,0 87.12181114000001,22.27992993,0 87.12175521,22.27998175,0 87.12129881,22.28142349,0 87.12098026,22.28242977,0 87.12054661000001,22.28379961,0 87.12015427,22.28503893,0 87.11932296000001,22.28660898,0 87.11897251000001,22.28727083,0 87.11849574,22.28817125,0 87.11906153,22.28890891,0 87.1197969,22.28986764,0 87.12001013,22.29014564,0 87.12040413,22.2906593,0 87.12095875,22.29138237,0 87.12161861,22.29224262,0 87.12182094000001,22.29250638,0 87.12190864999999,22.29264222,0 87.12267771,22.29383324,0 87.12287111000001,22.29413276,0 87.12370576000001,22.29542532,0 87.12383359,22.29562328,0 87.12473384,22.2970174,0 87.12479609,22.29711381,0 87.126276,22.2994055,0 87.12662725,22.29994941,0 87.12671782,22.30003336,0 87.12849574000001,22.30168118,0 87.12846704,22.30176301,0 87.12817457,22.30259704,0 87.12779732,22.30367279,0 87.12758959999999,22.3042651,0 87.12755824,22.30435452,0 87.12740676,22.30449795,0 87.12698215,22.30489178,0 87.12579809,22.30598999,0 87.12530382,22.30644842,0 87.12518501,22.30655861,0 87.12093898000001,22.30723415,0 87.11831711000001,22.30765123,0 87.11830329999999,22.30765343,0 87.11761902000001,22.30801551,0 87.11745996000001,22.30809967,0 87.11666679,22.30851936,0 87.11477643000001,22.30896946,0 87.11330223,22.30932045,0 87.11312378,22.30941487,0 87.11166573,22.31018639,0 87.11032469,22.31081924,0 87.10996819,22.31098747,0 87.10969099,22.31113415,0 87.10833168000001,22.31185341,0 87.10668268000001,22.31263085,0 87.1065578,22.31268972,0 87.10626632,22.31300454,0 87.10581513,22.31349184,0 87.10543355999999,22.31390395,0 87.10515427,22.31420559,0 87.10511145,22.31423323,0 87.10500145,22.31435204,0 87.1022657,22.31611923,0 87.10203552,22.31626792,0 87.10203387,22.31626898,0 87.10160845,22.31697033,0 87.1012262,22.3176005,0 87.1009876,22.31799384,0 87.10125435,22.31811977,0 87.10355271,22.31920478,0 87.10354742,22.31934005,0 87.10345504999999,22.32170315,0 87.10350766000001,22.32180265,0 87.10393083,22.32260304,0 87.10416643000001,22.32304864,0 87.10435400999999,22.32340341,0 87.10492315,22.32447985,0 87.10476769,22.32462683,0 87.10343035,22.32586642,0 87.10265427,22.3267056,0 87.10252217,22.32682776,0 87.10249901,22.3268528,0 87.1017636,22.32753313,0 87.10008485,22.32934554,0 87.09978479999999,22.32966946,0 87.09965805,22.32978691,0 87.09963036000001,22.32981682,0 87.09842268,22.33093759,0 87.09734825,22.33193467,0 87.09681088000001,22.33243335,0 87.09675102,22.33262938,0 87.09619519,22.33444949,0 87.0960022,22.33508147,0 87.0959876,22.33512926,0 87.09600569,22.33514602,0 87.09765427000001,22.33667304,0 87.09773208,22.33683816,0 87.09787752,22.33714677,0 87.09845505,22.33837226,0 87.09972367,22.34002574,0 87.09980259,22.34012859,0 87.10033116,22.34081749,0 87.10075136,22.34136515,0 87.10093864,22.34160924,0 87.1009876,22.34167304,0 87.10165531,22.34321611,0 87.10178838,22.34352363,0 87.10163242,22.34367029,0 87.10091260999999,22.34433896,0 87.10028618,22.34492086,0 87.10007313,22.34511878,0 87.09956932,22.34558678,0 87.09674916,22.34672728,0 87.09663574,22.34677315,0 87.09248921,22.34844992,0 87.09238766999999,22.34857225,0 87.09232819,22.34864391,0 87.09184372,22.34922757,0 87.09173738,22.3493159,0 87.09168816,22.34937477,0 87.08996673999999,22.35080748,0 87.08851039,22.3525609,0 87.08840291,22.35265018,0 87.08835411,22.35270882,0 87.08815821,22.35287167,0 87.08758686,22.35334661,0 87.0879158,22.35452353,0 87.0881421,22.35533318,0 87.08868129,22.35726224,0 87.08760555000001,22.35913942,0 87.08737594999999,22.35954007,0 87.08753555,22.36110336,0 87.08770225000001,22.36273607,0 87.08777634,22.36346178,0 87.08755007000001,22.36520396,0 87.08725388000001,22.3674844,0 87.08712764000001,22.36741211,0 87.08709908,22.36763191,0 87.08321355,22.36540697,0 87.08300208999999,22.36528587,0 87.08225672,22.36545174,0 87.08003689,22.3659457,0 87.07758919,22.36649033,0 87.07655123000001,22.36672127,0 87.07577927,22.36689302,0 87.07583021000001,22.36739282,0 87.07599664,22.36902555,0 87.07609828,22.37002265,0 87.07603311,22.37066435,0 87.07593475,22.37163279,0 87.07584437,22.37252265,0 87.07612269000001,22.37525866,0 87.07591782999999,22.37641153,0 87.07572718999999,22.3774844,0 87.07562285,22.37735869,0 87.07557487,22.37763023,0 87.07526854,22.37726213,0 87.07417488,22.37594795,0 87.07183328000001,22.37660241,0 87.07092523999999,22.37685619,0 87.06835821,22.37757359,0 87.06834838,22.37758544,0 87.06832052999999,22.37761903,0 87.06753383,22.37856757,0 87.06748450000001,22.37858896,0 87.0673809,22.37871361,0 87.06411171000001,22.38013268,0 87.06123543,22.38178062,0 87.06058722,22.38140974,0 87.06029461,22.38124231,0 87.05967715,22.38088901,0 87.05896911000001,22.38048388,0 87.05876708,22.38036828,0 87.05835533,22.38013267,0 87.05585081,22.37980901,0 87.05342817,22.37949589,0 87.05253999999999,22.37938109,0 87.05251122,22.37937737,0 87.04823450000001,22.38098409,0 87.04821677,22.38099075,0 87.04548454,22.38201714,0 87.04281665000001,22.38174191,0 87.04223562,22.38372403,0 87.04219698,22.38385585,0 87.04184372,22.3850609,0 87.04085271,22.3862491,0 87.0405793,22.38657692,0 87.04014097,22.38710245,0 87.0397507,22.38757038,0 87.03942922,22.3879558,0 87.03892208000001,22.38856383,0 87.03871746,22.38880915,0 87.03843225999999,22.38915107,0 87.03812748999999,22.39019049,0 87.03757777,22.3920653,0 87.03747083,22.3920544,0 87.03744297999999,22.3921494,0 87.03742409,22.39221382,0 87.03699629,22.39217016,0 87.03380613,22.39184454,0 87.03264046,22.39172554,0 87.0320476,22.3919484,0 87.03067649,22.3924638,0 87.0303184,22.3925984,0 87.02952657,22.39289604,0 87.0292463,22.39335046,0 87.02864683999999,22.3943224,0 87.02820466,22.39503931,0 87.02783539000001,22.39563802,0 87.027163,22.39672816,0 87.02702393,22.39695363,0 87.02664215999999,22.39757259,0 87.02656052,22.39770494,0 87.0262238,22.39848061,0 87.02589069,22.39924796,0 87.02543876,22.40028902,0 87.02510219,22.40106432,0 87.02498229,22.40113829,0 87.02495003,22.40121269,0 87.02400365,22.40179627,0 87.02376336,22.40194444,0 87.02000901,22.4042594,0 87.01985113000001,22.40444961,0 87.01950918,22.40486157,0 87.01934371999999,22.4050609,0 87.01930414,22.40507252,0 87.01918983,22.4052105,0 87.0177857,22.40562248,0 87.01691721,22.40587729,0 87.0155053,22.40629154,0 87.01426245,22.40665616,0 87.01289678000001,22.40829902,0 87.01284679,22.4083207,0 87.012743,22.40844536,0 87.01264632,22.40848741,0 87.01162399,22.40893207,0 87.01092216000001,22.40923733,0 87.01077843,22.40929985,0 87.00984101,22.40983488,0 87.00920914,22.41019551,0 87.0091877,22.41020775,0 87.00725993,22.4107746,0 87.00660394000001,22.41096749,0 87.0061779,22.41109276,0 87.00512958,22.41169343,0 87.00488591,22.41183304,0 87.00335502999999,22.41271019,0 87.00166034999999,22.41344443,0 87.00161670999999,22.41349641,0 87.00145637,22.41368737,0 87.00022619000001,22.41515256,0 87.00008201999999,22.415308,0 86.99793149,22.41376001,0 86.99780978,22.4136724,0 86.99752235,22.4134655,0 86.99702392,22.41328541,0 86.99604988999999,22.41293348,0 86.9954319,22.41271019,0 86.99495317,22.41298415,0 86.99437881999999,22.41331283,0 86.99339396000001,22.41387642,0 86.99266677999999,22.41429255,0 86.99213219000001,22.41459846,0 86.99002505,22.41438341,0 86.98765428,22.41414142,0 86.98683223,22.4140575,0 86.98674276,22.41418348,0 86.98650358,22.41452024,0 86.98493584000001,22.41672757,0 86.98486250000001,22.41683084,0 86.98399541000001,22.41805162,0 86.98684372,22.42165107,0 86.98689123,22.42178255,0 86.98759893,22.42374091,0 86.98704721,22.42470446,0 86.98648944,22.42567857,0 86.98624018,22.42611387,0 86.98600702,22.42652107,0 86.98543313,22.42752328,0 86.98504215,22.42820607,0 86.98477828999999,22.42866686,0 86.98544324,22.42982806,0 86.98556775,22.43004548,0 86.98590086999999,22.43062719,0 86.98654075,22.43174458,0 86.98681614,22.43222546,0 86.98716435999999,22.43283352,0 86.98608373,22.43471999,0 86.98593226,22.4349844,0 86.98584245000001,22.43519181,0 86.98532111,22.43639566,0 86.98516892000001,22.4367471,0 86.98508827000001,22.43672457,0 86.98501396,22.43689537,0 86.98352216000001,22.43647863,0 86.98236452,22.43615522,0 86.98166847,22.43596077,0 86.98147287,22.43598072,0 86.9778488,22.4363503,0 86.97751226,22.43675566,0 86.97712722,22.43721943,0 86.97684372000001,22.4375609,0 86.97674264,22.43764491,0 86.97669028999999,22.4377079,0 86.97576521000001,22.43847663,0 86.97560692,22.43860817,0 86.97543563000001,22.43859076,0 86.97023964,22.43806267,0 86.97010474,22.43790024,0 86.96911812,22.43671227,0 86.96828132,22.43679732,0 86.96599019999999,22.43703017,0 86.96595730999999,22.43728761,0 86.96574772,22.43892818,0 86.96555466,22.44043932,0 86.9654311,22.44036367,0 86.9654026,22.440588,0 86.96493855999999,22.44030349,0 86.96416736,22.43983066,0 86.96402644,22.43974426,0 86.96307564,22.4391613,0 86.96224235,22.43937996,0 86.95975088,22.44003369,0 86.95963172,22.44006496,0 86.95915031,22.44019127,0 86.95537315,22.43886907,0 86.95280529,22.44199321,0 86.95185438999999,22.44315005,0 86.95140395999999,22.44369802,0 86.95102557,22.44415835,0 86.95077601,22.44446194,0 86.9506793,22.44455152,0 86.95064641,22.44458197,0 86.95062446999999,22.44460869,0 86.95018859,22.44501328,0 86.94975676999999,22.44541409,0 86.94934765000001,22.44579384,0 86.94928071,22.44585597,0 86.94869190999999,22.44710343,0 86.94855068,22.44740264,0 86.94790044,22.44878022,0 86.94785446,22.44887763,0 86.94775814,22.44890812,0 86.94770241000001,22.44902611,0 86.94688578,22.44928464,0 86.94554724,22.4497084,0 86.94428227,22.45010885,0 86.94425305999999,22.45011809,0 86.94383913,22.4514272,0 86.94352287,22.45242738,0 86.9434876,22.45253893,0 86.94319191,22.45309735,0 86.94249476,22.45441393,0 86.94234613,22.45455487,0 86.94189315,22.4549751,0 86.94116459,22.45565099,0 86.94105209,22.45575536,0 86.94060159,22.45617328,0 86.94059439,22.45617996,0 86.94080606,22.45648766,0 86.94190005999999,22.45807801,0 86.94207095,22.45832642,0 86.94244707,22.45887318,0 86.94302718,22.45971644,0 86.94336715999999,22.46021064,0 86.94321134,22.46035787,0 86.94306826,22.46049063,0 86.94214438,22.46134777,0 86.94177418,22.46169124,0 86.94228162,22.46216173,0 86.94320222,22.46301528,0 86.94334763000001,22.46315009,0 86.94377457,22.46373378,0 86.9441501,22.46424718,0 86.94493561,22.46532103,0 86.94510167,22.46554805,0 86.94678838,22.46785387,0 86.94657625000001,22.46792107,0 86.94663429000001,22.46800041,0 86.94612299000001,22.46816268,0 86.94243760000001,22.46933223,0 86.94270277,22.47034485,0 86.94355179,22.47358692,0 86.94381697,22.47459947,0 86.94435512,22.47665433,0 86.94434808,22.4768314,0 86.94428275999999,22.47847489,0 86.94428025000001,22.47853828,0 86.94404919,22.47897501,0 86.9425356,22.48183596,0 86.94244487,22.48200743,0 86.94183558,22.48315905,0 86.94252978,22.48360737,0 86.94589873,22.48578304,0 86.94613897000001,22.48593818,0 86.94618686,22.48598988,0 86.94672015,22.48656562,0 86.94712319999999,22.48700075,0 86.94762172,22.48753893,0 86.94826646999999,22.48813521,0 86.94848760000001,22.48833971,0 86.94928838,22.4951903,0 86.94869167,22.49631823,0 86.94851817,22.49664618,0 86.94780218,22.49799953,0 86.94749476,22.4985806,0 86.94734203,22.49872399,0 86.94688553,22.49914742,0 86.94627915,22.49970987,0 86.9454927,22.50043934,0 86.94436994,22.50164661,0 86.94377589,22.50228537,0 86.94353484,22.50254456,0 86.94341928,22.50266882,0 86.94327354000001,22.50281715,0 86.9400114,22.50268882,0 86.9372992,22.50258206,0 86.93676336,22.50256097,0 86.93674135000001,22.5026076,0 86.93650280999999,22.50311315,0 86.93566859000001,22.50488105,0 86.93557047,22.50491104,0 86.93551445,22.50502968,0 86.93237877,22.50598717,0 86.93129659,22.50481987,0 86.9310097,22.50451041,0 86.93019676,22.5036335,0 86.92767033,22.50565964999999,0 86.92964301000001,22.50693388,0 86.93182582,22.50834378,0 86.93177713999999,22.50857656,0 86.93160395,22.50940473,0 86.93155256,22.50965043,0 86.93091115,22.51271743,0 86.9308482,22.5130184,0 86.93047328,22.51481106,0 86.93095524,22.51503838,0 86.93122156,22.51516399,0 86.93186073,22.51546545,0 86.93265427,22.51583971,0 86.93428838,22.51679593,0 86.93413233,22.51694228,0 86.93372478000001,22.51732048,0 86.93261975999999,22.5183459,0 86.93260847000001,22.51838156000001,0 86.93210033,22.51998635,0 86.93176234000001,22.52105374,0 86.93178809,22.52170011,0 86.93182072,22.52251887,0 86.93196905000001,22.52624173,0 86.93181133,22.52631613,0 86.93181419,22.52638817,0 86.9293504,22.52755338,0 86.92913627999999,22.52765465,0 86.92897941,22.52773765,0 86.92749977,22.52852058,0 86.92582950000001,22.5293088,0 86.92578450000001,22.52935691,0 86.92554685,22.52961096,0 86.92514326,22.53004241,0 86.92500114000001,22.53018761,0 86.92246819,22.53098869,0 86.92213646,22.5311641,0 86.92209832,22.53118426,0 86.9212394,22.53163843,0 86.92021228999999,22.53218151,0 86.91961548,22.53432253,0 86.91908515999999,22.53622497,0 86.91887335,22.53698481,0 86.91815873,22.53954828,0 86.91813118,22.53964709,0 86.91761357999999,22.54150377,0 86.91763459000001,22.54203297999999,0 86.91766708999999,22.54285175,0 86.91771611999999,22.54408678,0 86.91678838,22.54583971,0 86.9165107,22.54700581,0 86.91537074,22.55179267,0 86.91526055999999,22.55175403,0 86.91521645,22.55193901,0 86.91195488,22.55079842,0 86.91142623,22.55051878,0 86.91073935,22.55015544,0 86.90999863,22.54976361,0 86.90983086999999,22.54967487,0 86.90857106,22.54900844,0 86.90774345,22.54857063,0 86.90634944,22.54910969,0 86.90540491,22.54947492,0 86.90394481,22.55003949,0 86.90367408,22.55014417,0 86.90355387,22.55019065,0 86.90368285,22.55031016,0 86.90510436,22.55162718,0 86.90553987,22.55203068,0 86.90594528,22.55240628,0 86.90594645,22.55240907,0 86.90651455,22.55376461,0 86.90678837999999,22.554418,0 86.90663252,22.55456529,0 86.90656038,22.55463221999999,0 86.90353294000001,22.55744055,0 86.90329575,22.55766057,0 86.90348176000001,22.56236442,0 86.90351414,22.5631832,0 86.90353806,22.56378811,0 86.90351195,22.56380043,0 86.90338036999999,22.56386253,0 86.90338325,22.56393623,0 86.90128993,22.564925,0 86.90072044,22.56519399,0 86.90008878,22.56587581,0 86.89936878,22.56665297,0 86.89925318,22.56677774,0 86.89922653000001,22.56680651,0 86.8992859,22.56829726,0 86.89931850000001,22.56911603,0 86.89938604,22.57081204,0 86.89923276,22.57095649,0 86.89852664,22.57161284,0 86.89841308,22.57171840000001,0 86.89778298,22.57239206,0 86.89763383,22.57255153,0 86.89748573,22.57270241,0 86.8968818,22.57205179,0 86.89655753,22.57170244,0 86.89594536,22.57104293,0 86.895827,22.57091542,0 86.89531517,22.570364,0 86.89259328999999,22.57180245,0 86.8926287,22.57270139,0 86.89274867,22.57574775,0 86.89018677999999,22.579088,0 86.88920211999999,22.58037177,0 86.88922946,22.58105848,0 86.88932094,22.58335599,0 86.8893147,22.58351538,0 86.88928513,22.58427151,0 86.88913726,22.58426565,0 86.88913431,22.58434384,0 86.88913155,22.58441734,0 86.88870014,22.58440028,0 86.88498497,22.58425331,0 86.88230324,22.58436012,0 86.88169573,22.58468167,0 86.8807904,22.58516085,0 86.8800006,22.58557887,0 86.87993102,22.58561569,0 86.87909166999999,22.58605993,0 86.87851274000001,22.58728689,0 86.87827845,22.58778343,0 86.87772172,22.58896329,0 86.87748372,22.58946767,0 86.87682094,22.59087226,0 86.87605427,22.59231995,0 86.87588398,22.59264152,0 86.87561162999999,22.59315579,0 86.87560109,22.59316076,0 86.87551196,22.59320282,0 86.87545967,22.59330177,0 86.87504561999999,22.59349721,0 86.87385260000001,22.5940603,0 86.87332167,22.59431089,0 86.87284342,22.59453661,0 86.87265552,22.59493483,0 86.87248958000001,22.59528648,0 86.87176885,22.59681383,0 86.8716158,22.59695722,0 86.87013869,22.59832992,0 86.87012032,22.59834699,0 86.87015267,22.59914954,0 86.87015427,22.59918932,0 86.87012387999999,22.5999711,0 86.87010763000001,22.60038927,0 86.87010381,22.60048733,0 86.86995197,22.60052347,0 86.86994743,22.60063362,0 86.86496925,22.60181999,0 86.8608036,22.602911,0 86.86053226,22.6030977,0 86.85967961999999,22.60368439,0 86.85961645,22.60372784999999,0 86.85882697,22.60427107,0 86.85834044000001,22.60460583,0 86.85797432,22.60485774,0 86.85714007999999,22.60543174,0 86.85712445999999,22.60548108,0 86.8571237,22.60548346,0 86.85686106999999,22.60631325,0 86.85636586,22.60787784,0 86.85607089,22.60880974,0 86.85560798,22.61027222,0 86.85515427,22.61170559,0 86.85500270999999,22.61184867,0 86.85467308,22.61215396,0 86.85397367,22.61280172,0 86.85383167000001,22.61293324,0 86.85375526,22.61301569999999,0 86.85313641,22.61368356,0 86.85120406999999,22.61576891,0 86.85117031,22.61578484,0 86.85104942,22.6159153,0 86.84987511,22.61647205,0 86.84921656,22.61678427,0 86.84890656,22.61726429,0 86.84831321,22.6181831,0 86.84808935,22.61852975,0 86.84735805,22.61966214,0 86.84720858,22.61980334,0 86.84434066,22.62246373,0 86.8442866,22.62251388,0 86.84395356,22.62391236,0 86.84336879,22.62636787,0 86.84323428,22.62643131,0 86.84321404000001,22.62651634,0 86.84105701,22.62753342,0 86.84080315,22.62765312,0 86.84062163999999,22.62777798,0 86.83828545,22.62938499,0 86.83540153,22.62927055,0 86.83291817,22.62936974,0 86.83261632,22.62955445,0 86.83190150999999,22.62999189,0 86.83116941999999,22.63043989,0 86.83018907,22.6310398,0 86.82972248999999,22.63132531,0 86.82847661,22.63208768,0 86.82827555,22.63221071,0 86.82748221999999,22.63269615,0 86.82686884,22.63227404,0 86.82671354,22.63216717,0 86.82499885999999,22.63098717,0 86.82447779,22.63074115,0 86.82306993,22.63007644,0 86.82289166,22.62999227,0 86.82213351,22.6296343,0 86.82175134000001,22.63004356,0 86.82132486,22.63050026,0 86.82097330000001,22.63087673,0 86.82082558,22.63102531,0 86.82046371,22.63093046,0 86.82043528,22.63092301,0 86.81777615,22.63022594,0 86.81776436,22.63022285,0 86.81627082999999,22.62983131,0 86.81514518,22.63060602,0 86.81258619,22.63236714,0 86.81225777,22.63259315,0 86.80930757,22.63306353,0 86.80663490000001,22.63348961,0 86.80646408,22.63357991,0 86.80330085999999,22.635252,0 86.80124518,22.63517075,0 86.80000131,22.63512157,0 86.7977047,22.63503074999999,0 86.79730324000001,22.63524252,0 86.7968434,22.63548508,0 86.79583168000001,22.63601875,0 86.79199791000001,22.63693427999999,0 86.78984523,22.6368484,0 86.78513384999999,22.63666033,0 86.78456528,22.63726922,0 86.78422399,22.6376347,0 86.7840786,22.63778496,0 86.78054619,22.63764381,0 86.77887581,22.638528,0 86.77845664,22.63874987000001,0 86.77416801,22.64101982,0 86.77221631,22.64128622,0 86.76801399999999,22.64185973,0 86.76446941,22.64234338,0 86.76451045,22.64246043,0 86.76535651,22.64487331,0 86.76554719000001,22.64541707,0 86.76592290000001,22.64648852,0 86.7659876,22.64667304,0 86.76654177,22.65138235,0 86.76657598,22.65167304,0 86.76639530999999,22.65160974,0 86.76642036,22.65182304,0 86.76531912,22.65143689,0 86.76406871,22.65099842,0 86.76324395,22.65070919,0 86.7622686,22.65036716,0 86.76157951,22.6501255,0 86.76049085,22.65016758,0 86.75842093999999,22.65024757,0 86.7569191,22.64945421,0 86.75673822,22.64935866,0 86.75666618,22.6493206,0 86.75245207,22.64851582,0 86.75193213999999,22.64841652,0 86.75070622,22.64798677,0 86.74975644,22.64765381,0 86.74863003,22.64725892,0 86.74705649000001,22.64670726,0 86.74655386000001,22.64653105,0 86.74525654,22.64607621,0 86.74500084,22.64598656,0 86.74436045,22.64580836,0 86.74256591,22.64530899,0 86.74181892999999,22.64510112,0 86.73913383999999,22.64435387,0 86.73897298999999,22.64418,0 86.73844617,22.64361053,0 86.73833275,22.64348793,0 86.73504448,22.64193535,0 86.73440331,22.64124318,0 86.73336601,22.64012337,0 86.73228913,22.6397828,0 86.73166701,22.63958605,0 86.73001477,22.63906351,0 86.72830009,22.63852119,0 86.72807141,22.63840009,0 86.72794843,22.63833496,0 86.72716303,22.63791902,0 86.72651931999999,22.63757812,0 86.72578621,22.63718986,0 86.72580215000001,22.6367897,0 86.72589683,22.63441277,0 86.72583802,22.63432743,0 86.72516036,22.6333442,0 86.72474093,22.63273563,0 86.72420549,22.63195872,0 86.72406959,22.63176155,0 86.7241245,22.63038474,0 86.72412780000001,22.63030215,0 86.72419334,22.6286588,0 86.72422218,22.62793541,0 86.72399479000001,22.62786342,0 86.72167786999999,22.62712986,0 86.7208004,22.62685204,0 86.72039420999999,22.62657267,0 86.72011263,22.62637901,0 86.71947828,22.6259427,0 86.71899225999999,22.62560843,0 86.71856235,22.62531273,0 86.71833229000001,22.6251545,0 86.71767206,22.62518126,0 86.71748543,22.62518883,0 86.71590207,22.62512431,0 86.71523857,22.62509727,0 86.71501951,22.62514318,0 86.70953532999999,22.6262922,0 86.70916638,22.62686365,0 86.70894102,22.62721269,0 86.70765427000001,22.62920559,0 86.70757469,22.62923658,0 86.70749855,22.62935448,0 86.70314980000001,22.6310482,0 86.70206711,22.63100446,0 86.70163917000001,22.63098717,0 86.7011887,22.63110507,0 86.70021239,22.63136058,0 86.69857309,22.6317896,0 86.69789314000001,22.63196754,0 86.69504225999999,22.63185712,0 86.69415693000001,22.63182282,0 86.69415093000001,22.63182259,0 86.69037435,22.63197186,0 86.69006434000001,22.63262878,0 86.68980812,22.63317171,0 86.68927374,22.63430406,0 86.68919037000001,22.63430075,0 86.68911934,22.63445091,0 86.68502998,22.63429069,0 86.68461575000001,22.63450945,0 86.68457615,22.63453036,0 86.68333244,22.63518715,0 86.68260241,22.63541839,0 86.68208593,22.63558198,0 86.68080329999999,22.63598824,0 86.68024278999999,22.63618489,0 86.67972894,22.63636518,0 86.67850673,22.63679399,0 86.67833519,22.63685417,0 86.6768931,22.63731026,0 86.67592918,22.63761511,0 86.67590341,22.63772346,0 86.67520347,22.64066548,0 86.67517597,22.64078103,0 86.67515426999999,22.64087226,0 86.67477361,22.64232482,0 86.67443683,22.64360994,0 86.67433870000001,22.64398439,0 86.6742306,22.64439684,0 86.67431165000001,22.64644621,0 86.67432418999999,22.64676337,0 86.67416948,22.64690823,0 86.67375742,22.64729081,0 86.67374189,22.64730523,0 86.67283005,22.64815183,0 86.67258935,22.6483753,0 86.67264571,22.64980036,0 86.67265508,22.6500373,0 86.67219245,22.65064052,0 86.67214782000001,22.65069871,0 86.67154142,22.65148936,0 86.67131928000001,22.651779,0 86.67089038,22.65233821,0 86.67049072,22.65285928999999,0 86.67023933,22.65318706,0 86.67008916,22.65338284,0 86.67014694,22.65483155,0 86.67018600999999,22.65581123,0 86.66982898000001,22.65648596,0 86.66979537,22.65654948,0 86.66938463,22.65732571,0 86.66898938,22.65807267,0 86.66849592,22.65900521,0 86.66818336999999,22.65959585,0 86.66760718,22.6606847,0 86.66737734,22.66111903,0 86.66716599,22.66151842,0 86.66706053999999,22.66157538,0 86.66701317,22.66166496,0 86.66397701,22.66330486,0 86.66395439,22.66331707,0 86.66232392000001,22.66419768,0 86.66223422,22.66424613,0 86.66067082000001,22.66509049,0 86.66051401,22.66517517,0 86.65901769,22.66598327,0 86.65879379,22.66610419,0 86.65736454,22.66687604,0 86.65707353000001,22.66703319000001,0 86.65699137999999,22.66707756,0 86.65668549,22.66772605,0 86.65626992,22.66860709,0 86.6559876,22.66920559,0 86.65585548,22.66930249,0 86.65583229000001,22.66935158,0 86.65247201,22.67181991,0 86.65303548999999,22.67451459,0 86.65353154,22.67688676,0 86.65379522000001,22.67814765,0 86.65364194999999,22.67829369,0 86.65100176999999,22.68074284,0 86.65083027999999,22.68110627,0 86.65073028,22.68131822,0 86.65015427,22.68253893,0 86.65000196,22.68268281,0 86.64919251000001,22.68343401,0 86.64920060999999,22.68363835,0 86.6493304,22.68691352,0 86.64933803,22.68710599,0 86.64931294,22.6877345,0 86.64930244,22.68799753,0 86.64925664,22.68914456,0 86.64937190000001,22.68936239,0 86.65022539,22.69097538,0 86.65034994,22.69121076,0 86.65054245,22.69157457,0 86.65339439,22.69247688,0 86.65348760000001,22.69250638,0 86.65396542000001,22.69277427,0 86.65478887,22.69323595,0 86.65487537999999,22.69328445,0 86.65614571,22.69399665,0 86.65669532,22.69430479,0 86.65678837999999,22.69435696,0 86.65670591999999,22.69451279,0 86.65611013,22.69563865,0 86.65589957,22.69603652,0 86.65566575,22.69647836,0 86.65512172,22.69750638,0 86.65509704999999,22.69763564,0 86.65432011999999,22.70170641,0 86.65419428,22.7017014,0 86.65416526999999,22.7018528,0 86.65270665,22.70179697,0 86.65264023,22.70235258,0 86.65205183,22.70727385,0 86.65181687,22.70923896,0 86.65168113999999,22.70923359,0 86.65166283000001,22.70938683,0 86.65038872,22.70933666,0 86.64649907,22.70918344,0 86.64643288000001,22.70918083,0 86.64640211,22.70918769,0 86.64596568,22.70928491,0 86.64104038000001,22.71038202,0 86.64166068999999,22.71155455,0 86.64224064,22.71265077,0 86.6426388,22.71340338,0 86.64349249,22.71501696,0 86.64348197,22.71505709,0 86.64326465000001,22.71588682,0 86.64284633,22.71748394,0 86.6426209,22.71834459,0 86.64262213000001,22.71837561,0 86.64265426999999,22.71918932,0 86.64265407000001,22.71919443,0 86.64262157,22.72001608,0 86.64258835,22.72085599,0 86.64265245,22.72247539,0 86.64268532,22.7233057,0 86.64290047,22.72475243,0 86.64226644,22.72495295,0 86.64166059,22.72514455,0 86.64147765,22.72534237,0 86.6409876,22.72587226,0 86.6408552,22.72599481,0 86.64083290000001,22.72601891,0 86.64011173,22.72668768,0 86.63979270999999,22.72698351,0 86.63973045,22.72704124,0 86.63339043000001,22.72678947,0 86.63276437,22.72700895,0 86.63272120000001,22.72702408,0 86.6306591,22.72774696,0 86.62921822,22.72769012,0 86.62671053,22.72759115,0 86.62656833,22.7277435,0 86.62556431,22.72881916,0 86.62541770999999,22.72896767,0 86.62395177000001,22.72845395,0 86.62334298,22.72824061,0 86.62215137,22.72782301000001,0 86.62126166,22.72751121,0 86.61945081,22.72687656,0 86.61918037,22.72678177,0 86.61910439,22.72675514,0 86.61254692,22.72701836,0 86.61236492,22.7266324,0 86.61166191,22.72514153,0 86.61141195,22.72527365,0 86.61098663999999,22.72549847,0 86.61055081000001,22.72572885,0 86.60929561,22.72639234,0 86.60865973999999,22.72672844,0 86.60787662,22.72645412,0 86.60613575000001,22.72584431,0 86.60579393,22.72572457,0 86.60416222000001,22.72515297,0 86.60040092,22.72530174,0 86.59460240999999,22.72507148,0 86.59041405000001,22.72490501,0 86.58991494999999,22.72477445,0 86.58837794,22.72437236,0 86.58722595,22.72407098,0 86.58568999000001,22.72366912,0 86.58466910999999,22.72340202,0 86.58214482,22.72349982,0 86.58151817,22.72352409,0 86.57937724999999,22.72121492,0 86.57930210000001,22.72113387,0 86.57844231999999,22.72020648,0 86.57836342,22.72012138,0 86.57691102,22.7187769,0 86.57658696,22.71847691,0 86.57646370000001,22.71836281,0 86.57305146,22.71849644,0 86.57246970999999,22.71851921,0 86.57213252,22.71780456999999,0 86.57154010000001,22.71654895,0 86.571352,22.71615028,0 86.57116216,22.71609024,0 86.5702024,22.71578667,0 86.56846698,22.71523775,0 86.56821632,22.71515846,0 86.56812161000001,22.71505654,0 86.56754243,22.71443325,0 86.56666374,22.71348762,0 86.5666109,22.71348974,0 86.56535934999999,22.7135398,0 86.56456566,22.71357155,0 86.56041808000001,22.71340543000001,0 86.55916478,22.71335521,0 86.55915318,22.71335474,0 86.55699608,22.71568294,0 86.55634469,22.71638598,0 86.55615742000001,22.71658809,0 86.55613978,22.71660712,0 86.55609459999999,22.7166363,0 86.55598639999999,22.71675301,0 86.55520932,22.71725522,0 86.5544474,22.71774762,0 86.55384929,22.71813415,0 86.55275009,22.7188445,0 86.55273602,22.71888066,0 86.55236309,22.71983872,0 86.55195283,22.72089268,0 86.55171364,22.72150715,0 86.55116962,22.72290469,0 86.5509876,22.72337226,0 86.55087674000001,22.72340734,0 86.55083275,22.72352028,0 86.54905764,22.72408237,0 86.54858375000001,22.72423242,0 86.54622833000001,22.72497822,0 86.54595012,22.72585682,0 86.5452408,22.72809679,0 86.54489682000001,22.72918303,0 86.54485153,22.72932604,0 86.54702795999999,22.73073151,0 86.54714502,22.73080711,0 86.54821857,22.73150034,0 86.5489726,22.73198725,0 86.54911993,22.73208239,0 86.54921208,22.73227768,0 86.54994977,22.73384096,0 86.55035003,22.73468917,0 86.55092331,22.735904,0 86.55093780999999,22.73591084,0 86.5517016,22.73627123,0 86.55184348,22.73633818,0 86.55516973,22.73790758,0 86.55634825999999,22.73853119,0 86.55637548,22.7385456,0 86.55973760000001,22.74032457,0 86.56020153,22.74082531,0 86.56185105,22.74260566,0 86.56179417,22.74403729,0 86.56175502000001,22.74502265,0 86.56181347,22.74649706,0 86.56183883999999,22.74713690999999,0 86.56168258,22.74721065,0 86.56168556,22.74728584,0 86.56159929,22.74732653,0 86.56124627,22.747493,0 86.55968449,22.74822949,0 86.55865471,22.74871508,0 86.55859137,22.74874495,0 86.55847842,22.7491018,0 86.55788411,22.75097946,0 86.55765427,22.75170559,0 86.55740055,22.75242919,0 86.55711366,22.75324741,0 86.55681652,22.75409482,0 86.55675827,22.75426093,0 86.55681657,22.75573523,0 86.5568543,22.75668932,0 86.55679428000001,22.75819681,0 86.55678349999999,22.75846748,0 86.55663122999999,22.75861196,0 86.55650455,22.75872929,0 86.55523574999999,22.75990452,0 86.55481435999999,22.76029482,0 86.55430692,22.76076483,0 86.55425053,22.76081706,0 86.55476559,22.76156524,0 86.55488699,22.76174158,0 86.55531395,22.76236176,0 86.55584098,22.7631273,0 86.55586230999999,22.76315829,0 86.55653122,22.76412991,0 86.55678168,22.76424811,0 86.55936572,22.76546758,0 86.56015427,22.76583971,0 86.56044898,22.76682749,0 86.56095505,22.76852363,0 86.55976296,22.77077692,0 86.55928757,22.77167548,0 86.55930168,22.77203202,0 86.55933408999999,22.77285083,0 86.55937058000001,22.77377265,0 86.55928838,22.77585599,0 86.55929931999999,22.77613317,0 86.55933161999999,22.77695198,0 86.55936393,22.77777079,0 86.55937058000001,22.77793932,0 86.55934480000001,22.77859183,0 86.55928513000001,22.7801024,0 86.55913273,22.78017433,0 86.55912972,22.78024864,0 86.55550409,22.78196306,0 86.55543124,22.78204169,0 86.55504275,22.78246101,0 86.55384807999999,22.78375045,0 86.55336457,22.7842723,0 86.55265427,22.78503893,0 86.55262025,22.78505496,0 86.55249977,22.78518486,0 86.55188679,22.78547551,0 86.55093878,22.78592501,0 86.55082401999999,22.78652683,0 86.5502288,22.78964809,0 86.55015426999999,22.79003893,0 86.55011655,22.79005673,0 86.55001683,22.79010378,0 86.55000114000001,22.79018593,0 86.54932074,22.79050747,0 86.54839198000001,22.79094638,0 86.5482217,22.79102685,0 86.54788569,22.79138957,0 86.5475479,22.7917542,0 86.54682094,22.79253893,0 86.54668907999999,22.79266087,0 86.54666709999999,22.79268455,0 86.54621812000001,22.79310189,0 86.54594423,22.79335647,0 86.54586516000001,22.79347897,0 86.54363897,22.79692776,0 86.54351496,22.79731944,0 86.54259648999999,22.80022041,0 86.54264551999999,22.80145795,0 86.54271448999999,22.80319892,0 86.54245945,22.8039266,0 86.54202741,22.80515926,0 86.54187568,22.80559217,0 86.54172816000001,22.80601305,0 86.54180922,22.80805567,0 86.54182175,22.80837145,0 86.54166225,22.80842194,0 86.54166603,22.80851935999999,0 86.54033879000001,22.80893921,0 86.53907361,22.80933941,0 86.53871728999999,22.80972402,0 86.53861574,22.80983362,0 86.53787792999999,22.81062996,0 86.53725306,22.81130439,0 86.53714254,22.81140674,0 86.53709984,22.81145287,0 86.53607357,22.81240368,0 86.53592851000001,22.81253806,0 86.53535364,22.81322452,0 86.53515427000001,22.81346259,0 86.53537584,22.81366783,0 86.53664119,22.81483988,0 86.53682094,22.81500638,0 86.53723478000001,22.81545355,0 86.53793259,22.81620755,0 86.53797285,22.81642298,0 86.53823963000001,22.81785063,0 86.53842899999999,22.81886398,0 86.53928838,22.82346259,0 86.53913278,22.82360872,0 86.53896743999999,22.82376208,0 86.53855494,22.8241447,0 86.53804014000001,22.82462221,0 86.53752579,22.82509930000001,0 86.53763742,22.8279204,0 86.53768762999999,22.82918932,0 86.53753177999999,22.82926286,0 86.53753471,22.82933617,0 86.53700155999999,22.82958819,0 86.53532783999999,22.83037937,0 86.53509262999999,22.83049055,0 86.53477632000001,22.83064007,0 86.53448674000001,22.83125363,0 86.53444666,22.83133856,0 86.53368673,22.83294872,0 86.53326127,22.83385019,0 86.53288670000001,22.8346438,0 86.53249395,22.83547594,0 86.53240646,22.83552738,0 86.53237561,22.83554552,0 86.5323391,22.83562279,0 86.53205905999999,22.83578757,0 86.53100489000001,22.83640786,0 86.53033987000001,22.83679917,0 86.52950104999999,22.83729273,0 86.52862066,22.83781074,0 86.5279972,22.83817758,0 86.52675056,22.83891106,0 86.52525258,22.8382955,0 86.52419867,22.83786241,0 86.52344549999999,22.83755291,0 86.52239173,22.83711986,0 86.52163845,22.83681029,0 86.52158928,22.83679008,0 86.51880074,22.83690071,0 86.51367635,22.83961254999999,0 86.51280515000001,22.84007357,0 86.51252937,22.8402195,0 86.51191117,22.8398921,0 86.51155505,22.8397035,0 86.51022330000001,22.83899819,0 86.50948803,22.83979209,0 86.5092635,22.84003452,0 86.5084876,22.84087226,0 86.50845707000001,22.84088665,0 86.50833321,22.84102058,0 86.50725785,22.84152806,0 86.50675990000001,22.84176304,0 86.50670375,22.84194045,0 86.50603898999999,22.84404089,0 86.50593925,22.84435604,0 86.50577583,22.84487237,0 86.50574346000001,22.84497464,0 86.50565220999999,22.84492637,0 86.50559044000001,22.84512138,0 86.50516899,22.84489836,0 86.50417002,22.8443697,0 86.50373510999999,22.84413955,0 86.5032611,22.84388869,0 86.50232506,22.84339333,0 86.49970186,22.84349843,0 86.49745795,22.84358831,0 86.49666791,22.84526216,0 86.49628976,22.84606332,0 86.49593552,22.84681383,0 86.49578483000001,22.84695587,0 86.49395228,22.8486591,0 86.49377237,22.8488263,0 86.49365425000001,22.84893608,0 86.49197864,22.84834841,0 86.49089809,22.84796942,0 86.49017726,22.8477166,0 86.48999977,22.84765434,0 86.48833807,22.84725858,0 86.48659395999999,22.84684316,0 86.48564339000001,22.84661675,0 86.48523464,22.84575069,0 86.48471503,22.84464969,0 86.48416709999999,22.84348869,0 86.48377316,22.84350412,0 86.48251152,22.84355354,0 86.48014569,22.84173805,0 86.47929216999999,22.84108306,0 86.47916603,22.84098625,0 86.47782321,22.84103912,0 86.47752585000001,22.84197859,0 86.47750597,22.8420414,0 86.47682094,22.8442056,0 86.47669954,22.84425284,0 86.4766674,22.84435463,0 86.47394764000001,22.84541192,0 86.47249519,22.84597653,0 86.47239684,22.84608287,0 86.47182094,22.84670559,0 86.47179281,22.84671654,0 86.47166634,22.84685326,0 86.47081281,22.84718589,0 86.46981593,22.84757437,0 86.46844986000001,22.84810672,0 86.46721134000001,22.84858935,0 86.46703115,22.84865956,0 86.46687341000001,22.84899403,0 86.46639653,22.8500052,0 86.46598760000001,22.85087226,0 86.46589268,22.85089387,0 86.46583366,22.85101891,0 86.46324221,22.85160916,0 86.46231650999999,22.85181999,0 86.46216353,22.85165505000001,0 86.45982933000001,22.84913826,0 86.45491272,22.85042799,0 86.45433235,22.85058022,0 86.45429546,22.85034914,0 86.45390193999999,22.84788444,0 86.45333290000001,22.8443203,0 86.45290261,22.84384675,0 86.4528124,22.84374746,0 86.45218505,22.84305703,0 86.45187654,22.8427175,0 86.45003242999999,22.84068787,0 86.45000487,22.84065755,0 86.4493149,22.83989814,0 86.44885386999999,22.83939071,0 86.44850384,22.83993258,0 86.44822087,22.84037064,0 86.44741433,22.84161921,0 86.44739883,22.8416432,0 86.44681443,22.84254788,0 86.44676696000001,22.84253124,0 86.44666100000001,22.84269524,0 86.44656421000001,22.84266129,0 86.44609156,22.84249553,0 86.44476317,22.84202966000001,0 86.44400529000001,22.84176386,0 86.44344139,22.84156609,0 86.44243292,22.84183055,0 86.44210285,22.84191711,0 86.4387076,22.84280743,0 86.43686114,22.84329158,0 86.43657494,22.84336662,0 86.43659347000001,22.84289828,0 86.43662598,22.84207671,0 86.43670082,22.84018517,0 86.43610963,22.83963802,0 86.43578103,22.8393339,0 86.43536949,22.83895302,0 86.43527693999999,22.83885311,0 86.43484968,22.83839192,0 86.43397713,22.83745003,0 86.4335133,22.83646725,0 86.43292341,22.83521737,0 86.43250084,22.83432198,0 86.43221927,22.83406149,0 86.43163490000001,22.83352089,0 86.43157481999999,22.8332686,0 86.43071556,22.82966042,0 86.42982972,22.82924155,0 86.42804527,22.82839775,0 86.42497826,22.82851982,0 86.42373825,22.82838173,0 86.42333412000001,22.82833672,0 86.42370185999999,22.82764233,0 86.42447232000001,22.8261875,0 86.42532098,22.82458497,0 86.42545128,22.82433891,0 86.42431885000001,22.82220133,0 86.42341423000001,22.8204937,0 86.42160518999999,22.82099564,0 86.4199383,22.82145812,0 86.41898661,22.82172216,0 86.41645074,22.82242567,0 86.41549512,22.82269077,0 86.41296314,22.82339315,0 86.41287647,22.82341719,0 86.41249657,22.82352257,0 86.41199587,22.82350227,0 86.4116497,22.82348824,0 86.41111144,22.8235095,0 86.41022837,22.82354439,0 86.40855980000001,22.82361031,0 86.40848019000001,22.82358236,0 86.40665971999999,22.82294329,0 86.40639444999999,22.82285017,0 86.40583229000001,22.82265282,0 86.40486086,22.82234606,0 86.40415856,22.82212428,0 86.40306346,22.82177845,0 86.40293312,22.82173729,0 86.40041201,22.82183685,0 86.39935875,22.82187843,0 86.39814311000001,22.8223778,0 86.39692399,22.82287857,0 86.39333153,22.82435417,0 86.38829994,22.82515526,0 86.38534737000001,22.82671928,0 86.38212532,22.82797272,0 86.38039521,22.82864572,0 86.38020865999999,22.82871829,0 86.38017883000001,22.82887466,0 86.37965566,22.83161749,0 86.37932094,22.83337226,0 86.37907212,22.83384218,0 86.37889584,22.83417511,0 86.37862797,22.834681,0 86.37840785,22.83509671,0 86.37832373000001,22.83511674,0 86.37825583999999,22.83524513,0 86.37806550000001,22.83529042,0 86.37686935000001,22.83557501,0 86.37544143,22.83591473,0 86.37268344,22.83657085,0 86.37163353,22.8368206,0 86.3710758,22.83711641,0 86.37037551,22.83748782,0 86.37021326999999,22.83757387,0 86.37000084,22.83768654,0 86.36852128,22.83838574,0 86.36848401,22.83840336,0 86.3682208,22.83852774,0 86.36609584,22.84082018,0 86.36606476999999,22.84083484,0 86.365942,22.84096718,0 86.36413383,22.84182167,0 86.36249733,22.84268761,0 86.35924138999999,22.84255858,0 86.3584876,22.84337226,0 86.35845298,22.84338858,0 86.35833168000001,22.84351921,0 86.35783318,22.84375446,0 86.3567432,22.84426883,0 86.35641534,22.84496388,0 86.35578475,22.84630068,0 86.35561324,22.84666427,0 86.35542445,22.84706448,0 86.35531804999999,22.84711468,0 86.35530571,22.84714089,0 86.35527229,22.84721184,0 86.3547666,22.84745046,0 86.35352677,22.84803547,0 86.35303648,22.84826681,0 86.3516195,22.8489354,0 86.35083026,22.84930778,0 86.35045220000001,22.84971598,0 86.34906622,22.85121243,0 86.34892653999999,22.85150846,0 86.34878419,22.85181015,0 86.34853176999999,22.85234513,0 86.34798195,22.85351039,0 86.34734743,22.85485512,0 86.34725225,22.85505683,0 86.34717204,22.85505365,0 86.34716829,22.85505351,0 86.3470974,22.85520363,0 86.34629286000001,22.85517281,0 86.34510612,22.85512732999999,0 86.34452657,22.85524845999999,0 86.34049903,22.85609012,0 86.33792038,22.86008369,0 86.33786353000001,22.86008143,0 86.33780337,22.86017456,0 86.33776665000001,22.8602314,0 86.33768860000001,22.86022835,0 86.33581734000001,22.86015511,0 86.33159252,22.86032335,0 86.33114487,22.86127234,0 86.33070445,22.86220596,0 86.33015426999999,22.86337226,0 86.33000188,22.86351553,0 86.32970311,22.8637929,0 86.32934822999999,22.86412236,0 86.32928711,22.8641791,0 86.32907822,22.86517091,0 86.32876185000001,22.86667304,0 86.33048843,22.86622068,0 86.33681524000001,22.86456285,0 86.33782023000001,22.86509486,0 86.33792775000001,22.86515177,0 86.33935185999999,22.86590563,0 86.33932163999999,22.86667256,0 86.33928926999999,22.86749408,0 86.33928757,22.8675373,0 86.34062451,22.8690787,0 86.34078258,22.86926093,0 86.34131106,22.86987021,0 86.34172019,22.87034189,0 86.34199762,22.87066172999999,0 86.34265782,22.87142286,0 86.34337075000001,22.87224475,0 86.34359547,22.87250381,0 86.34405733,22.87303625,0 86.34453313,22.87358477,0 86.34538864,22.87457099,0 86.34541178000001,22.87462004,0 86.34547512,22.8747543,0 86.34579123,22.87542436,0 86.34646198999999,22.87684617,0 86.3467892,22.87753974,0 86.34991908000001,22.87741604,0 86.35060992,22.87768356,0 86.35093451,22.87780926,0 86.35262172,22.87846259000001,0 86.35246621,22.87860973,0 86.35188488,22.87914911,0 86.35082207000001,22.88013522,0 86.35076316999999,22.88018987,0 86.35098859999999,22.88586948,0 86.35099249,22.88596748,0 86.35134769,22.88629658,0 86.35258516,22.88744309,0 86.35320174,22.88801433,0 86.35333949,22.88814196,0 86.35321091,22.88820264,0 86.3531328,22.88823951,0 86.35318565,22.88828850000001,0 86.3475842,22.89093276,0 86.3471571,22.89113437,0 86.34601784,22.89167213,0 86.34579164,22.8918278,0 86.34543241,22.89207502,0 86.34287406,22.89383559,0 86.34231801999999,22.89443332999999,0 86.34202163,22.89475194,0 86.34152423,22.89528663,0 86.34118033999999,22.89565629,0 86.34097602,22.89587593,0 86.34083366,22.89602089,0 86.33743233,22.89709767,0 86.33685874,22.89727924,0 86.33683645000001,22.89735217,0 86.33665363,22.89795031,0 86.33607258000001,22.89985127,0 86.3359876,22.90012926,0 86.33609072,22.90022483,0 86.33782028,22.90182766,0 86.33785664,22.90200101,0 86.33797500999999,22.90256539,0 86.33853876000001,22.90525326,0 86.33912728999999,22.90805918,0 86.33928838,22.90882718,0 86.33916739,22.90888428,0 86.33912151,22.90890593,0 86.33913612000001,22.9089756,0 86.3362484,22.91033745,0 86.33214722,22.91017311,0 86.33037306999999,22.91010199,0 86.33035628,22.91010131,0 86.33022348999999,22.91052086,0 86.32960315,22.91248068,0 86.32932094,22.91337226,0 86.32900416,22.91385233,0 86.32879939999999,22.91416264,0 86.32844767,22.91469568,0 86.32824265000001,22.91500638,0 86.32819751,22.91499056,0 86.32808876,22.91515541,0 86.32695493,22.91475782,0 86.3252579,22.91416272,0 86.32486421,22.91402467,0 86.32345653,22.91353101,0 86.32277352,22.91329148,0 86.32273674,22.91327858,0 86.31510353,22.91357994,0 86.31058505,22.91543836,0 86.30940635,22.91592312,0 86.30901909000001,22.91608238,0 86.30764064,22.91602768,0 86.30507851,22.91592598,0 86.30498227,22.91598179,0 86.30251341,22.9174136,0 86.30239853,22.91748022,0 86.30099025,22.91829691,0 86.30067601,22.91847915,0 86.29763222,22.92024422,0 86.29721254,22.92009723,0 86.29720378,22.92009416,0 86.29541127,22.91946634,0 86.29510977,22.91936073,0 86.29387474000001,22.91892815,0 86.29312641999999,22.91944286,0 86.29276590000001,22.91969084,0 86.29016910999999,22.92147692,0 86.28983983000001,22.92285956,0 86.28945501,22.92447536,0 86.28905072000001,22.92617286,0 86.2890475,22.92618639,0 86.28889316,22.92633073,0 86.28866906,22.92653869999999,0 86.28813882999999,22.92703075,0 86.28697399000001,22.9281117,0 86.28628873,22.9287476,0 86.2861042,22.92891884,0 86.28568684,22.92877249,0 86.28432647,22.92829547,0 86.28359459000001,22.92803882999999,0 86.2834258,22.92797964,0 86.28206824999999,22.92750359,0 86.28163919000001,22.92765381,0 86.28013059,22.92818198,0 86.27989764,22.92826354,0 86.27835274,22.9288044,0 86.27779707000001,22.92909853,0 86.27729427,22.92936468,0 86.2761165,22.92998809,0 86.27556731999999,22.93027877,0 86.2739588,22.93113015,0 86.27338983999999,22.93174096,0 86.27300131,22.93215807,0 86.27264518,22.93254038,0 86.27250099,22.93268776,0 86.26664543,22.93361855,0 86.26421206000001,22.93352313,0 86.26314354,22.93348122,0 86.26269935000001,22.93300192,0 86.26240057,22.93267952,0 86.26196723,22.93221192,0 86.26146670999999,22.93167182,0 86.26068306000001,22.93082619,0 86.25612202000001,22.93100806,0 86.25580406,22.93102074,0 86.25431390999999,22.930233,0 86.25402173000001,22.93007854,0 86.25320625000001,22.92964745,0 86.24752998,22.9335537,0 86.24647702,22.93299491,0 86.24622221,22.93285969,0 86.24556844999999,22.93251274,0 86.24541664,22.93243217,0 86.24504723,22.93126765,0 86.24454799999999,22.92969387,0 86.24416542,22.92848778,0 86.24368532,22.92804298,0 86.24286841999999,22.92728615,0 86.24171688,22.92604249,0 86.24057961,22.92481422,0 86.24023536,22.92408388,0 86.23980903,22.92317938,0 86.23916817,22.92181969,0 86.23871721,22.92168574,0 86.23665369,22.92107281,0 86.23663168,22.92106628000001,0 86.23665957999999,22.92177018,0 86.23682184,22.92586428,0 86.23683803,22.92627265,0 86.23678905,22.92750593,0 86.23673874000001,22.92877265,0 86.23681847,22.93078533,0 86.23689987,22.93284004,0 86.23753321,22.93403661,0 86.23838298,22.93564205,0 86.2384876,22.93583971,0 86.23869712,22.93695438,0 86.23928838,22.94009996,0 86.23912079,22.94017908,0 86.23913383,22.94024848999999,0 86.23886086,22.94037717,0 86.23847471000001,22.9405592,0 86.23799486,22.94078541,0 86.236569,22.94145755,0 86.23595709,22.94174599,0 86.23597912,22.9423019,0 86.2361349,22.94623440000001,0 86.23648976,22.94634674,0 86.23658758000001,22.94637771,0 86.23738895,22.9466314,0 86.23888114,22.94710376,0 86.23918732,22.94720069,0 86.24071091,22.94768297,0 86.24077951,22.94784601,0 86.2410163,22.94840877,0 86.24222133000001,22.95127265,0 86.24206637,22.95141944,0 86.24204686,22.95143756,0 86.24153201999999,22.9519159,0 86.24119896000001,22.95222533,0 86.24060844,22.95277397,0 86.24035105,22.95301309,0 86.24021859,22.95313616,0 86.23999058,22.95361948,0 86.23954014,22.95457428,0 86.23932094,22.95503893,0 86.23917095,22.95518096,0 86.23845199,22.95584939,0 86.2383579,22.95614695,0 86.23791163999999,22.9575583,0 86.23765426999999,22.95837226,0 86.23662337,22.96031889,0 86.23659795,22.96036689,0 86.23644806,22.9605092,0 86.23628857,22.96065734,0 86.23423013,22.96256928,0 86.23393341000001,22.96288967,0 86.23374788,22.96309,0 86.23314387000001,22.96374219,0 86.23290566999999,22.96399938,0 86.23235431000001,22.96459471,0 86.23212530000001,22.96484199,0 86.2320816,22.96487019,0 86.23206259,22.96489068,0 86.23196983,22.96499062,0 86.23124261,22.96546043,0 86.23034610000001,22.96603961,0 86.2298871,22.96633613,0 86.22917342,22.96679718,0 86.22863833,22.96737155,0 86.22800289,22.96805363,0 86.22779582,22.96827589,0 86.22771781,22.96835962,0 86.2275753,22.96850395,0 86.22499525000001,22.96899694,0 86.22341607,22.96929866,0 86.22341526,22.96929882,0 86.2226266,22.97179186,0 86.2224724,22.97193732,0 86.22197215,22.97240129,0 86.22180029,22.97256068,0 86.22104701000001,22.97325929,0 86.22066689,22.97361183,0 86.22007784,22.97358853,0 86.21830299,22.9735183,0 86.21748543,22.97348595,0 86.21741584,22.97348877,0 86.21625657,22.97353581,0 86.21590080999999,22.97428989,0 86.21570257,22.97471009,0 86.21515427,22.97587226,0 86.21505925,22.97588975,0 86.21499824999999,22.97601891,0 86.21064948999999,22.97681999,0 86.20775842,22.97529046,0 86.20749855,22.97515297,0 86.20483867999999,22.97474167,0 86.20231819,22.97435188,0 86.20130989,22.97488562,0 86.20066924,22.97522474,0 86.19746564,22.97692045,0 86.19748869,22.97750185,0 86.19765103,22.98159598,0 86.19765915000001,22.98180081,0 86.19835526999999,22.98244546,0 86.19914355,22.98317545,0 86.19928188,22.98330354,0 86.19932094000001,22.98333971,0 86.20019775,22.98559292,0 86.20028754000001,22.98582366,0 86.20095505,22.98753893,0 86.20182785999999,22.98880706,0 86.20222885,22.98938966,0 86.20237693999999,22.98960482,0 86.2031805,22.99077228,0 86.20359827999999,22.99137926,0 86.20620489,22.99260973,0 86.20631158,22.99272492,0 86.2068443,22.99330003,0 86.20777563999999,22.99430548,0 86.20777819,22.99430822,0 86.20845505,22.99503893,0 86.20932094,22.99583971,0 86.20935925000001,22.99588114,0 86.20963931,22.99618397,0 86.21012172,22.99670559,0 86.21185680000001,22.99725482,0 86.2123175,22.99740064,0 86.21325505,22.9976974,0 86.21428675999999,22.99802395,0 86.21429909,22.99813985,0 86.21464672,23.00140627,0 86.21516819999999,23.00630591,0 86.21519333000001,23.00654202,0 86.21513784,23.00794747,0 86.21511846,23.00843818,0 86.21497006,23.00843229,0 86.21496390999999,23.00858498,0 86.21465945,23.0085728,0 86.2128841,23.00850179,0 86.21248436,23.00848579,0 86.21199828,23.00850522,0 86.2085822,23.00864173,0 86.2074039,23.01236407,0 86.20709900999999,23.01332718,0 86.20693645999999,23.01384068,0 86.20682094,23.01420559,0 86.20647284,23.01486253,0 86.20612991,23.01550971,0 86.20602864999999,23.01570081,0 86.20595505,23.01583971,0 86.20537895,23.01766042,0 86.20535055000001,23.01775018,0 86.20515345,23.01837308,0 86.20504842,23.01836893,0 86.20499992000001,23.01852226,0 86.20450031999999,23.01850253,0 86.20258522,23.0184269,0 86.20185692,23.01881247,0 86.20116294,23.01917987,0 86.20099264,23.01927003,0 86.20030111,23.01963613,0 86.20093303,23.02082956,0 86.20178325000001,23.02243521,0 86.20182094,23.02250638,0 86.20205687000001,23.02301421,0 86.20290966,23.02484976,0 86.20304408,23.02513908,0 86.20345505,23.02602363,0 86.20330147,23.02616878,0 86.20310189,23.02635367,0 86.20110456,23.02820398,0 86.20059395,23.02867699,0 86.20055499999999,23.02869539,0 86.19974175999999,23.02907968,0 86.19968836,23.02910491,0 86.19784227,23.02997724,0 86.19761075,23.03008663,0 86.19721457,23.03298625,0 86.19672297,23.03658409,0 86.19658493,23.03759427,0 86.19696227999999,23.03903481,0 86.19762199,23.0415532,0 86.19768601,23.04179755,0 86.19763585,23.04184453,0 86.19753042000001,23.04194326,0 86.19713668999999,23.04230834,0 86.19424071,23.04499346,0 86.19343587,23.04573967,0 86.19339189,23.04578044000001,0 86.19220924,23.04687691000001,0 86.18670290999999,23.05011438,0 86.18663597,23.05015373,0 86.18651366,23.05023786,0 86.18416786,23.05185127,0 86.18080329999999,23.05265617,0 86.17851217,23.05365478,0 86.17872865,23.05427248,0 86.17967098,23.05696138,0 86.17975364999999,23.05719726,0 86.18023778,23.05857867,0 86.18035853000001,23.05892321,0 86.18073015,23.05909863,0 86.18268764,23.06002265,0 86.18268377,23.06011962,0 86.18261846,23.06175849,0 86.18247052,23.06180532,0 86.18246651,23.06190681,0 86.17719460000001,23.06357384,0 86.17473341,23.06347699,0 86.17394989,23.06344615,0 86.1738524,23.06358956,0 86.17373406999999,23.06376362,0 86.1730238,23.06480844,0 86.17258735999999,23.06545045,0 86.17219519,23.06602731,0 86.17182094,23.06657783,0 86.17222431,23.06664204,0 86.17765427,23.06750638,0 86.18136765,23.07035468,0 86.18128341000001,23.07083856,0 86.18085198,23.07331655,0 86.18058972,23.07482288,0 86.18013291,23.07744655,0 86.17997441999999,23.0783568,0 86.18073594000001,23.07906238,0 86.18079338,23.07911559,0 86.18158398,23.07984809,0 86.18172060000001,23.07997467,0 86.18243201999999,23.0806338,0 86.18264782999999,23.08083375,0 86.18265427,23.08083971,0 86.18354945,23.08180651,0 86.18353266,23.0822294,0 86.18346741000001,23.08387238,0 86.18345424,23.08420397,0 86.18396032,23.08467251,0 86.18432094000001,23.08500638,0 86.18463498,23.08534596000001,0 86.18512172,23.08587226,0 86.18552886000001,23.08624909,0 86.18556599999999,23.08628346,0 86.18611618,23.08679267,0 86.18610615,23.08704579,0 86.18594327,23.09115321,0 86.18587682,23.09282895,0 86.18586227999999,23.09319567,0 86.18589738999999,23.09326203,0 86.18650524,23.09441102,0 86.18687138,23.0951031,0 86.18744105,23.09617988,0 86.19000208999999,23.09750638,0 86.19307279,23.0950073,0 86.19312868,23.09496182,0 86.19392633,23.09431263,0 86.19418944,23.09409849,0 86.19477985,23.09361795,0 86.19512172,23.09333971,0 86.19535209999999,23.093231,0 86.19689846,23.09250134,0 86.19820617000001,23.09109798,0 86.19831284999999,23.09098351,0 86.19845505000001,23.09083971,0 86.19944675000001,23.09060378,0 86.20182094,23.09003893,0 86.20341670000001,23.08881485,0 86.20343481,23.08880095,0 86.20427198,23.08815876,0 86.20456398,23.08793476,0 86.20516485,23.08747382,0 86.20819708000001,23.08759427,0 86.20858514,23.08859094,0 86.20874473000001,23.0890008,0 86.20952822,23.09101297,0 86.20975494,23.09159522,0 86.21047133,23.09343499,0 86.21053025000001,23.09358629,0 86.20844854000001,23.0975194,0 86.20848275,23.09761696,0 86.20876628000001,23.09842556,0 86.20926127,23.09983718,0 86.20932745,23.10002591,0 86.20927499,23.10012503,0 86.20802292,23.10249091,0 86.20799125000001,23.10255802,0 86.20765199,23.10327692,0 86.20585414,23.10708645,0 86.20573457,23.10716364,0 86.20570183,23.10723305,0 86.20378305,23.10847077,0 86.20347567,23.10866904,0 86.20246696,23.10931969,0 86.20015576999999,23.11149514,0 86.20100284,23.11259994,0 86.20350526999999,23.1158636,0 86.20383911,23.11629897,0 86.20434372,23.11695706,0 86.20432331000001,23.1174706,0 86.20429066,23.1182921,0 86.20428757000001,23.11836982,0 86.20467222000001,23.11909672,0 86.20487761,23.11948483999999,0 86.20509706999999,23.11989957,0 86.20524704,23.12018296999999,0 86.2051283,23.12317898,0 86.20509438000001,23.12403464,0 86.20503871,23.12543932,0 86.2051738,23.12883613,0 86.20532661,23.12890824999999,0 86.20693360999999,23.12966675,0 86.20804825,23.13019284,0 86.20853316,23.1304217,0 86.20895548,23.13062103,0 86.20925502,23.1307624,0 86.20897841999999,23.13110227,0 86.20749537,23.13292454,0 86.20730292,23.133161,0 86.20680495000001,23.13377286,0 86.20646515,23.13419036,0 86.20611452,23.13462117,0 86.20562737,23.13521971,0 86.20542407000001,23.13546949,0 86.20496709,23.13603095,0 86.20493451999999,23.13602965999999,0 86.204813,23.13617897,0 86.20478618,23.13617791,0 86.20034361,23.136003,0 86.19841957,23.1359272,0 86.19769762,23.13630878,0 86.19579981,23.13731183,0 86.19598442,23.13758014,0 86.19757378,23.1398901,0 86.19788995,23.14034961,0 86.19867170000001,23.14148574,0 86.19884275,23.14173434,0 86.19920375,23.14225898,0 86.19921545,23.14228378,0 86.19981642,23.14355715,0 86.20035482,23.1446979,0 86.20055302999999,23.14511787,0 86.19945387,23.14719509,0 86.19913171,23.14780392,0 86.19856676000001,23.14887155,0 86.19831798,23.14934167,0 86.19767960999999,23.15054801,0 86.19761439,23.15067125,0 86.19765427,23.15168932,0 86.19761683,23.15263414,0 86.19746215000001,23.15277893,0 86.19673967,23.15345067,0 86.19627144,23.153886,0 86.19594908000001,23.15418571,0 86.19589331,23.15430405,0 86.19515427,23.15587226,0 86.19500394000001,23.15601426,0 86.19457159,23.15641568,0 86.19423471,23.15672845,0 86.19364773,23.15727343,0 86.19348857999999,23.15742118,0 86.19339243,23.15766819,0 86.19289563,23.15894436,0 86.19260201,23.15969859,0 86.19224677,23.16061109,0 86.19181156,23.16172899,0 86.1915979,23.16227781,0 86.19156784,23.16235501,0 86.19145636,23.16239029,0 86.19141197,23.1625042,0 86.19096808,23.16264457,0 86.18922988,23.16319425,0 86.18834640999999,23.16347362,0 86.18823894000001,23.1635076,0 86.18771254000001,23.16407608,0 86.18749896999999,23.16430671,0 86.18682094,23.16503893000001,0 86.18678862,23.16505417,0 86.18666648999999,23.16518593,0 86.18533687,23.16581293,0 86.18491878,23.16601008,0 86.18411827,23.16638756,0 86.18351457999999,23.1667071,0 86.18318605,23.16688099,0 86.18021202,23.16845512,0 86.17731667,23.16932106,0 86.17435695,23.16775433,0 86.1731714,23.16712673,0 86.17303885,23.16705656,0 86.17296614,23.16713505,0 86.17257357,23.16755879,0 86.17217666000001,23.16798721,0 86.1717297,23.16846967,0 86.17053593999999,23.16975817,0 86.17047825,23.16980049,0 86.17038155,23.16990471,0 86.16949394,23.17055642,0 86.16917838000001,23.17078811,0 86.16712936,23.17229252,0 86.16660659999999,23.17267633,0 86.16649158,23.17276077,0 86.16667852,23.17419474,0 86.16760422999999,23.18129512,0 86.16792335,23.1837427,0 86.16794805000001,23.18393216,0 86.16779481,23.18407729,0 86.16673790999999,23.18506088,0 86.16632714000001,23.18550448,0 86.16559272000001,23.18629756,0 86.16548313,23.18641591,0 86.16529099,23.1866234,0 86.16519355,23.18713388999999,0 86.164742,23.18949967,0 86.16432094,23.1917056,0 86.16417823,23.19179772,0 86.1641674,23.19185448,0 86.16376692,23.19211263,0 86.16311132,23.19253522,0 86.16240929,23.19298772,0 86.16163444,23.19348717,0 86.16139428,23.19374792,0 86.16129762,23.19385286,0 86.1612339,23.19392204,0 86.16103816,23.19386336,0 86.15960495,23.19343366,0 86.15862776,23.19314067,0 86.15690497999999,23.19262412,0 86.15621738,23.19241794,0 86.15510501,23.1920844,0 86.15380703,23.19169518,0 86.15150513,23.19100489,0 86.15139671,23.19097238000001,0 86.15109443999999,23.19088173,0 86.14682961,23.19122505,0 86.14678795,23.19124828,0 86.14537614,23.19203557,0 86.14447972000001,23.19253544,0 86.14418221,23.19270134,0 86.14309698,23.19294767,0 86.14097304000001,23.19342974,0 86.13870278,23.19394498,0 86.13761631,23.19419155,0 86.13748034,23.19462132,0 86.13682094000001,23.1967056,0 86.13669634,23.1968209,0 86.13668251,23.19686699,0 86.13616093,23.1973164,0 86.13614778,23.19732857,0 86.13584664,23.19760726,0 86.13579473,23.1976553,0 86.13602014999999,23.20334134,0 86.13591278,23.20344074,0 86.13591576,23.20347786,0 86.13540243999999,23.20391988,0 86.13529857,23.20400932,0 86.13512172,23.20417304,0 86.13441748,23.20493453,0 86.13432227,23.20503748,0 86.13418007,23.2052021,0 86.13199846000001,23.20569726,0 86.13093130999999,23.20593946,0 86.13017753,23.20910731,0 86.13013555000001,23.20928372,0 86.13000925,23.20940072,0 86.1299839,23.20951271,0 86.12953722,23.20989711,0 86.12933556999999,23.21007065,0 86.12863688,23.21067191,0 86.12854480999999,23.2107572,0 86.127633,23.2116018,0 86.12761845999999,23.21161526,0 86.12765671,23.21258369,0 86.12751624000001,23.21264999,0 86.12752724000001,23.21278572,0 86.12636295,23.21330544,0 86.12594724,23.213491,0 86.12434364000001,23.21420679,0 86.12420904,23.21426687,0 86.12419524000001,23.21427303,0 86.12382977,23.21504761,0 86.12340116,23.21595601,0 86.12265427,23.21753893,0 86.122129,23.2183966,0 86.12176888,23.21898459,0 86.12161402,23.21923745,0 86.12094478,23.22033016,0 86.12058404,23.22091915,0 86.12012066,23.22167572,0 86.12006904,23.22175999,0 86.11970261,23.22235826,0 86.11957221,23.22241977,0 86.11947823,23.22257042,0 86.11754113000001,23.22343499999999,0 86.11745261999999,23.2234745,0 86.11552620000001,23.22454643,0 86.11182212999999,23.22424889,0 86.11052854,23.22460341,0 86.10874474000001,23.22509226,0 86.10808759,23.22527234,0 86.10784783,23.22553106000001,0 86.10618712,23.22732296,0 86.10601878999999,23.22750459,0 86.10573769,23.22783089,0 86.10354037,23.22765502,0 86.10206795000001,23.22753715,0 86.10087695999999,23.22763213,0 86.0991497,23.22776985,0 86.09821757,23.2276949,0 86.09707358,23.22760291,0 86.09517510000001,23.22745023,0 86.09495514,23.22768767,0 86.0946813,23.22798327,0 86.09435834999999,23.22833188,0 86.09418297000001,23.22853661,0 86.09159885,23.2293122,0 86.09145456,23.22946797,0 86.09121322,23.22972853,0 86.09066566,23.23031966,0 86.09036845,23.23064052,0 86.09016628000001,23.23085877,0 86.08960404,23.23151163,0 86.08918359,23.23283935,0 86.08875913,23.23417976,0 86.08848679,23.23503974,0 86.08839722,23.2350362,0 86.08834648,23.2352047,0 86.08702716000001,23.23509903,0 86.08672575,23.23507489,0 86.08616678,23.23567871,0 86.0860107,23.23584731,0 86.08584784999999,23.23603629999999,0 86.08558345,23.23626379,0 86.08532017,23.23649032,0 86.08497447000001,23.2367987,0 86.08467293,23.2370472,0 86.08445496,23.23702972,0 86.0816288,23.23680306,0 86.07937812999999,23.23805809,0 86.07472294,23.23768312,0 86.07342169,23.23757828,0 86.07298614,23.23850186,0 86.07265427,23.23920559,0 86.07257928,23.23922345,0 86.07251549,23.23936653,0 86.06878587999999,23.24021434,0 86.06874651,23.24022328,0 86.06863946,23.24045024,0 86.06835581,23.24105161,0 86.06783179,23.24216258,0 86.06765427000001,23.24253893,0 86.06753897,23.24264556,0 86.06751441999999,23.24270058,0 86.06701909,23.24312635,0 86.06678838000001,23.24333971,0 86.06656288000001,23.24358344,0 86.06614407000001,23.24403612,0 86.06598528000001,23.24420775,0 86.0658474,23.2443676,0 86.0653293,23.244815,0 86.0648125,23.24529341,0 86.06444349,23.245635,0 86.06425664,23.24580797,0 86.06394149,23.24614822,0 86.06359718,23.24651996,0 86.06315275999999,23.24699975,0 86.06275213000001,23.24743229,0 86.06268104999999,23.24750902,0 86.06185341,23.2484684,0 86.06119611,23.24871789,0 86.06103964,23.24877728,0 86.05878239,23.24963402,0 86.05760771,23.25007985,0 86.05756131,23.25032316,0 86.05736922,23.25133049,0 86.05684788000001,23.25406431,0 86.05682093999999,23.25420559,0 86.05668817,23.25432859,0 86.05668068,23.25436974,0 86.05635346,23.25465144,0 86.05615859,23.2548192,0 86.05600215,23.25496413,0 86.05541409999999,23.25550892,0 86.05434372000001,23.25650052,0 86.05430421,23.25662528000001,0 86.05385904000001,23.25803113,0 86.05353030000001,23.25906927,0 86.05333299999999,23.25969232,0 86.05299362,23.26076403,0 86.05292236,23.26078658,0 86.05288124,23.26092339,0 86.05273102,23.26096857,0 86.05124506,23.26141553,0 86.05010478,23.2617585,0 86.04995155,23.26180458,0 86.04848363000001,23.26234529,0 86.04835887,23.26239124,0 86.04747673,23.26271617,0 86.04684684,23.26405053,0 86.04667734,23.26440957,0 86.0454098,23.26709459,0 86.04593715,23.26758309,0 86.04741169,23.26894898,0 86.04779245,23.26930168,0 86.04796107,23.26945787,0 86.04781274,23.26973822,0 86.04736138,23.27059126,0 86.04699671,23.27128047,0 86.04691812999999,23.27142899,0 86.04618067,23.27282272,0 86.04603159,23.27310445,0 86.04566941,23.27378892999999,0 86.04535152,23.27408346,0 86.0453497,23.27408513,0 86.04522896,23.27430153,0 86.04465027000001,23.27479953,0 86.04450294,23.27492631,0 86.04365117,23.27565929,0 86.04364424000001,23.27566526,0 86.04337894,23.275902,0 86.04314995,23.27609062,0 86.04278014,23.27606089,0 86.04188904999999,23.27598924,0 86.0416317,23.27596855,0 86.04101091,23.27619638,0 86.03837458,23.27716389,0 86.03838824,23.27750817,0 86.03845324,23.27914588,0 86.0384933,23.2801553,0 86.03835949,23.28027929,0 86.03837013,23.28041267,0 86.03791208,23.2808076,0 86.03614528,23.28233088,0 86.03597627000001,23.28248748,0 86.03593447999999,23.28252621,0 86.03499862,23.28339334,0 86.03499151,23.28339993,0 86.03502324,23.28420258,0 86.03520391000001,23.28877265,0 86.03512499999999,23.29075969,0 86.03510463000001,23.29127265,0 86.03514936000001,23.29239901,0 86.03527797,23.29563707,0 86.03437081,23.29735068,0 86.03428838000001,23.29750638,0 86.03405502,23.29848621,0 86.03333907,23.30149223,0 86.03331186,23.30160649,0 86.03298955,23.30295966,0 86.03291681,23.30293417,0 86.03286746000001,23.30315118,0 86.03286552,23.30315971,0 86.03284477,23.30315208,0 86.03158620000001,23.30268912,0 86.03083173,23.30241159,0 86.02977952000001,23.30202452,0 86.02881871,23.30167107,0 86.02859306000001,23.30158806,0 86.02845589,23.30168542,0 86.02800284,23.30200696,0 86.02723214,23.30255394,0 86.02714318,23.30261708,0 86.02545089,23.3038181,0 86.02502149,23.30428161,0 86.02457862999999,23.30475965,0 86.02434578,23.30501099,0 86.02302361,23.30654335,0 86.02113374,23.30817495,0 86.02087972,23.30840203,0 86.02069753000001,23.30855314,0 86.02065086,23.30859183999999,0 86.02034661,23.30856699,0 86.01873589,23.30843544,0 86.01746559,23.30853844,0 86.01585350000001,23.30809675,0 86.01530305999999,23.30794594,0 86.01495414,23.30785033,0 86.01416587999999,23.30763435,0 86.01405659,23.30764318,0 86.0109539,23.30789375,0 86.01049150999999,23.30735722,0 86.00977322,23.30652375,0 86.00955324,23.30626849,0 86.0092411,23.3059063,0 86.0086634,23.30622783999999,0 86.00800667,23.30659338,0 86.00779771000001,23.30670968,0 86.00693909,23.30718757,0 86.00681022000001,23.30746066,0 86.00612366,23.30891552,0 86.00571986,23.30977119,0 86.00565466,23.30980198,0 86.00559044000001,23.30994606,0 86.00553367000001,23.30997136,0 86.00528946999999,23.31008019,0 86.00351488,23.31087101,0 86.00326145,23.31098394,0 86.00269543,23.31159475,0 86.00257169,23.31172828,0 86.00184957,23.31250753,0 86.0018177,23.31254192,0 86.00168037,23.31270027,0 86.00113315999999,23.31317499,0 86.00095505,23.31333971,0 86.00093282,23.31343306999999,0 86.00024879999999,23.31630531,0 85.99994700000001,23.31757254,0 85.99950488,23.31942892,0 85.99940069,23.3198664,0 85.99952645,23.31989636,0 86.00303255999999,23.32073163,0 86.00401606,23.32096591,0 86.00441207999999,23.32106025,0 86.00439471,23.32149812999999,0 86.00429692,23.32396239,0 86.00426432,23.32478381,0 86.00422897999999,23.32567451,0 86.00559971,23.32473122,0 86.00595479,23.32448687,0 86.00762172,23.32333971,0 86.00838176000001,23.32298134,0 86.00941502000001,23.32249415,0 86.00979294,23.32231595,0 86.01030743,23.32258821,0 86.01086535,23.32288345,0 86.01121777,23.32306995,0 86.01188440999999,23.32342272,0 86.01187489,23.32366379,0 86.01177755000001,23.32612804,0 86.01172247,23.32752265,0 86.01556977,23.3284389,0 86.01586064999999,23.32850817,0 86.01593828,23.32842436,0 86.01601869,23.32833756,0 86.0173893,23.32674599,0 86.01863729,23.32567147,0 86.02018601,23.32423733,0 86.02103554999999,23.32331962,0 86.0216198,23.32264137,0 86.02178737,23.32250747,0 86.02363896999999,23.32087226,0 86.02678838,23.32253893,0 86.03318324,23.32456285,0 86.03354634999999,23.32608834,0 86.03356289,23.32615779,0 86.03428838000001,23.32920559,0 86.03520845,23.33094342,0 86.03530564,23.33112698,0 86.03492089,23.3325951,0 86.03477547999999,23.33314993,0 86.03428106,23.33503649,0 86.03440569999999,23.33507592,0 86.03670983000001,23.33580487,0 86.03688685,23.33586087,0 86.03682415999999,23.33744063,0 86.03679043,23.33829042,0 86.03677129,23.33877265,0 86.03686570000001,23.34113838,0 86.03676862,23.34120104,0 86.03677559,23.34128761,0 86.03633983,23.34156053,0 86.03606213,23.34173446,0 86.03494198999999,23.34243601,0 86.0343359,23.34281559,0 86.03354412,23.34331147,0 86.03347277,23.34335615000001,0 86.03335837,23.3434278,0 86.03338543,23.34413789,0 86.03341664,23.3449568,0 86.0336034,23.34985683,0 86.03360360000001,23.34987028,0 86.03360558,23.3500042,0 86.032899,23.35013285,0 86.02879127,23.35088074,0 86.02849488,23.3509347,0 86.02650260999999,23.35129738,0 86.02583552999999,23.35105229,0 86.02570102999999,23.35100287,0 86.02402823,23.35038825,0 86.02368557,23.35026235,0 86.02340664,23.35015986,0 86.02337025999999,23.3502748,0 86.02316479,23.350924,0 86.02147914,23.35624987,0 86.02143646,23.3562894,0 86.02140617000001,23.35639,0 86.02028812,23.35735314,0 86.01968959,23.35790758,0 86.01849572,23.35919683,0 86.01834679,23.35936928,0 86.01602237,23.36040654,0 86.01575661,23.36052513,0 86.01475227,23.36108541,0 86.01438312000001,23.36129133,0 86.01388627999999,23.36156849,0 86.01334953,23.3618679,0 86.01264906999999,23.36217985,0 86.01159669,23.36264849,0 86.01128668,23.36298294,0 86.01121861999999,23.36305637,0 86.01044055,23.36389577,0 86.01019069,23.36416532,0 86.01002865,23.36435386,0 86.01004411,23.36474294,0 86.01014170000001,23.36719952,0 86.01015508,23.36753649,0 86.00989420000001,23.36802940999999,0 86.00975542,23.36829164,0 86.00945089,23.36886702,0 86.00916143000001,23.36941393,0 86.00894762999999,23.36961198,0 86.00892957000001,23.36964434,0 86.00887108000001,23.36974907,0 86.00792152,23.37056755,0 86.0078439,23.37063445,0 86.00722503999999,23.37120775,0 86.00699124,23.37142433,0 86.00678513,23.37161526,0 86.00681023999999,23.37225159,0 86.00682094,23.37252265,0 86.00679911,23.37307217,0 86.00677129,23.37377265,0 86.0068088,23.37471207,0 86.00685267,23.37581123,0 86.00611744,23.37719972,0 86.00595505,23.37750638,0 86.00575926,23.37793954,0 86.00515427000001,23.37927802,0 86.0067574,23.38031336,0 86.00696424,23.38044693000001,0 86.0076732,23.38090478,0 86.00816121,23.38121993,0 86.008589,23.3814962,0 86.01294922,23.38431184,0 86.01316815,23.3844532,0 86.01325730000001,23.38451077,0 86.01349551,23.38675073,0 86.01384295,23.39001761,0 86.01428838,23.3942056,0 86.01521400999999,23.39488441,0 86.01543540999999,23.39504677,0 86.01627531,23.3956627,0 86.01635520000001,23.39572128,0 86.01733663,23.39644098999999,0 86.01807255999999,23.39698066,0 86.01819802,23.39713988,0 86.01826472,23.39722452,0 86.01914209,23.39833797,0 86.01928838000001,23.39852363,0 86.01916177,23.39876297,0 86.01779653,23.40134371,0 86.01752762,23.40185202,0 86.01731491,23.4022541,0 86.01755661,23.40247798,0 86.01809037,23.40297241,0 86.01848505,23.403338,0 86.01849654999999,23.40334866,0 86.01848665999999,23.40337276,0 86.01797560999999,23.40461723,0 86.01768808,23.40531738,0 86.01729091,23.40628452,0 86.01677943,23.40752998,0 86.01824345999999,23.40888658,0 86.01792405,23.41041308,0 86.01741606,23.41284074,0 86.0171964,23.41389046,0 86.01675665,23.41599189,0 86.01658141999999,23.41615423,0 86.01657998,23.41615557,0 86.01655769,23.41625786,0 86.01642269,23.41637412,0 86.01530765,23.4173344,0 86.01473235,23.41786742,0 86.01471513,23.41788338,0 86.01438684999999,23.41818753,0 86.01404672,23.41871459,0 86.01387705,23.41897751,0 86.01265427,23.42087226,0 86.0126058,23.4208876,0 86.01251411,23.42103386,0 86.01174426999999,23.42126576,0 86.00956954,23.42192082,0 86.00926823,23.42201158,0 86.00927502,23.42218317,0 86.00930738,23.42300204,0 86.0093543,23.42418932,0 86.00930382,23.4254626,0 86.00920375,23.42798652,0 86.00896981,23.42817048,0 86.00894221999999,23.42819218,0 86.00893593000001,23.42827034,0 86.00827233,23.42878379,0 86.00811501,23.42890552,0 86.00715552,23.42964791,0 86.0063988,23.43023339000001,0 86.0060387,23.43051201,0 86.00554069,23.43089732,0 86.00492186,23.4313761,0 86.00468257,23.43156124,0 86.00380500999999,23.43224019,0 86.00296629,23.43288907,0 86.00290108,23.43293953,0 85.99940033999999,23.4326577,0 85.99672394,23.43244219,0 85.99578206,23.43236633,0 85.99527064,23.43234606,0 85.99505004,23.43258439,0 85.99495749,23.43268438,0 85.99432053,23.43337252,0 85.99418068,23.43353462,0 85.99159552,23.43515327,0 85.99159659999999,23.43518044,0 85.99182355000001,23.4409125,0 85.99185598,23.44173137,0 85.99194463000001,23.44397041,0 85.99192446000001,23.44400853,0 85.99138368,23.44503047,0 85.99110682,23.44555367,0 85.99094048000001,23.44586801,0 85.99028917,23.4470988,0 85.99005406000001,23.44754308,0 85.98976039,23.44809801,0 85.99174551,23.4499371,0 85.99212774,23.45029121,0 85.99144052,23.45158935,0 85.99138961,23.45168552,0 85.99099713,23.4524269,0 85.99095505,23.45250638,0 85.99063211000001,23.45453598,0 85.99015427,23.45753892999999,0 85.98935281999999,23.45905255,0 85.98920456,23.45933255,0 85.98907905,23.4594136,0 85.98904872,23.45943318,0 85.98894691,23.45961571,0 85.98848226,23.45990685,0 85.98822035000001,23.46007095,0 85.98568947,23.46165667,0 85.98562819,23.46169507,0 85.98429305000001,23.46253156,0 85.98390003999999,23.46277779,0 85.98336983,23.46310997,0 85.98332584000001,23.46310642,0 85.97675574,23.46257664,0 85.97578659,23.46462959,0 85.97571059000001,23.46467866,0 85.97565650999999,23.46479988,0 85.97244655,23.46681039,0 85.97001457,23.46853447,0 85.9606963,23.4691958,0 85.95883369000001,23.46932793,0 85.95842593,23.46947745,0 85.95543674,23.47057348,0 85.95540047,23.47058678,0 85.9516241,23.47027851,0 85.95045675,23.4701832,0 85.94787787999999,23.46997261,0 85.9451203,23.47013734,0 85.93174408,23.47093571,0 85.93164409000001,23.47114763,0 85.93100352,23.4725052,0 85.93098759999999,23.47253893,0 85.93088016999999,23.47260825,0 85.93084145,23.47269249,0 85.92837025999999,23.47426473,0 85.92808998,23.4745662,0 85.92764887,23.47504064,0 85.92756702,23.47512991,0 85.9275074,23.47519493,0 85.92671439999999,23.47543973,0 85.92493889000001,23.47598782,0 85.92368888999999,23.47637367,0 85.92367757,23.47637773,0 85.92231171,23.47686732,0 85.92111187,23.47729739,0 85.9205621,23.47749445,0 85.91964587,23.47782285,0 85.91930803,23.47818747,0 85.91883857000001,23.47869414,0 85.91851982,23.47903816000001,0 85.91799113,23.47960874,0 85.9177316,23.47988883,0 85.91714368,23.48052333,0 85.91660256,23.4811073,0 85.91465404,23.48328859,0 85.91460475,23.48334376,0 85.91389513999999,23.48413811,0 85.91375873,23.48429081,0 85.91373634,23.48431587,0 85.90608025,23.48521233,0 85.90371138,23.48507092,0 85.90223128,23.48498256,0 85.89847755,23.48475838,0 85.89846683,23.48473499,0 85.89769819,23.48305878,0 85.89735826,23.48231747,0 85.89720740999999,23.48198849,0 85.89716910999999,23.48190498,0 85.89675315,23.48182746,0 85.89538989,23.48157338,0 85.89253985000001,23.48104216,0 85.89246178,23.4810276,0 85.89226643000001,23.48092165,0 85.89218416999999,23.48087703,0 85.89151929000001,23.48051638999999,0 85.89135489,23.48042722,0 85.89077262000001,23.48011139,0 85.89075278999999,23.48010063,0 85.89071647999999,23.4801028,0 85.89020492,23.48013329,0 85.88992293,23.4801501,0 85.88956506,23.48017143,0 85.88510485,23.48043721,0 85.88513055999999,23.48108568,0 85.88513306999999,23.48114901,0 85.88516307,23.48190575,0 85.88516554,23.48196788,0 85.88522751000001,23.48353095,0 85.88527367,23.48357371,0 85.88588943000001,23.48414409,0 85.887005,23.48517741,0 85.88712987,23.48529307,0 85.88763392,23.48575996,0 85.88768723,23.48597122,0 85.88771996,23.48610097,0 85.88812917,23.4877228,0 85.88816224999999,23.48785392,0 85.88845505,23.48901435,0 85.88826383,23.48905988,0 85.88829231,23.4891758,0 85.88819606,23.48919827,0 85.88770352,23.4893133,0 85.88426751999999,23.49011565,0 85.88425061,23.49020428,0 85.88388302,23.49213001,0 85.88347702,23.49425686,0 85.8833477,23.49431787,0 85.88332558,23.49443626,0 85.88001262,23.49595752,0 85.87986778,23.49611394,0 85.87962908999999,23.4963717,0 85.87911889,23.49692266,0 85.87759972000001,23.49862099,0 85.8752387,23.50073228,0 85.87469751,23.50123364,0 85.87341762,23.5024193,0 85.87350259999999,23.50456187,0 85.87351655000001,23.50502681,0 85.87338637000001,23.5050775,0 85.87339211,23.50517464,0 85.8729216,23.50535561,0 85.8727861,23.50540773,0 85.87117344000001,23.50602799,0 85.87041696,23.50631894,0 85.86942526,23.50670035,0 85.86912727000001,23.50681496,0 85.86838521999999,23.50721715,0 85.86794216,23.50745729,0 85.86768712999999,23.50759551,0 85.86766944999999,23.5076051,0 85.86746438999999,23.50771624,0 85.86747844999999,23.50807211,0 85.86764023000001,23.51216644,0 85.86766946,23.51290641,0 85.86768213000001,23.5133307,0 85.86734674,23.51381794,0 85.86709547,23.51418298,0 85.86676688,23.51466033,0 85.8662609,23.51539539,0 85.86618702,23.51550272,0 85.86595505,23.51583971,0 85.86549946,23.51822707,0 85.86511114,23.52026191,0 85.86496873,23.52039386,0 85.86495436,23.52047073,0 85.86494636,23.52051353,0 85.86472241,23.52071371,0 85.86403730000001,23.52132606,0 85.86386752999999,23.5214778,0 85.86307855,23.52218298,0 85.86301265,23.52224188,0 85.86211978,23.5230399,0 85.86192618,23.52321293,0 85.86130373,23.52378967,0 85.86118927,23.52389572,0 85.86045003,23.52458066,0 85.86026588999999,23.52475127,0 85.86022507,23.52478909,0 85.85994726,23.52537769,0 85.85962719,23.52605584,0 85.85933833,23.52666786,0 85.85916957000001,23.52702542,0 85.85917859,23.52725331,0 85.85930833,23.53052877,0 85.85933555,23.53121601,0 85.85935430000001,23.53168932,0 85.85934829,23.53184131,0 85.85930289,23.53298931,0 85.85928838,23.53335599,0 85.85930633,23.53380928,0 85.85930983,23.5338977,0 85.85932927,23.53438889,0 85.85938007,23.53567233,0 85.85977975,23.53906201,0 85.86011517,23.5400192,0 85.86027845,23.54048515,0 85.86074499999999,23.54181652,0 85.86123467,23.54225349,0 85.86116032,23.54275935,0 85.86113521999999,23.54293007,0 85.8611878,23.54308011,0 85.86113785000001,23.5431527,0 85.8610929,23.54321803,0 85.86102104,23.54370689,0 85.86016205,23.54457083,0 85.85967641000001,23.54527660999999,0 85.85960958,23.54537374,0 85.85948913,23.54554878,0 85.85916631000001,23.54601793,0 85.85892978,23.54612536,0 85.85875747999999,23.54620362,0 85.85843033,23.5463522,0 85.85835837,23.54638489,0 85.85826960999999,23.54647416,0 85.85770607000001,23.54704094,0 85.85749712,23.54706031,0 85.85671072,23.54713322,0 85.85627841,23.54732957,0 
						</coordinates>
					</LinearRing>
				</outerBoundaryIs>
			</Polygon>
		</MultiGeometry>
		<atom:link rel="app" href="https://www.google.com/earth/about/versions/#earth-pro" title="Google Earth Pro 7.3.6.10201"></atom:link>
	</Placemark>
</Document>
</kml>
